-- phpMyAdmin SQL Dump
-- version 4.4.15.4
-- http://www.phpmyadmin.net
--
-- Client :  localhost
-- Généré le :  Jeu 11 Juillet 2019 à 15:49
-- Version du serveur :  5.5.60-0+deb7u1-log
-- Version de PHP :  5.4.45-0+deb7u14

SET SQL_MODE = "NO_AUTO_VALUE_ON_ZERO";
SET time_zone = "+00:00";


/*!40101 SET @OLD_CHARACTER_SET_CLIENT=@@CHARACTER_SET_CLIENT */;
/*!40101 SET @OLD_CHARACTER_SET_RESULTS=@@CHARACTER_SET_RESULTS */;
/*!40101 SET @OLD_COLLATION_CONNECTION=@@COLLATION_CONNECTION */;
/*!40101 SET NAMES utf8mb4 */;

--
-- Base de données :  `CRM_DB`
--

-- --------------------------------------------------------

--
-- Structure de la table `Clients`
--

CREATE TABLE IF NOT EXISTS `Clients` (
  `id` int(255) NOT NULL,
  `nom_societe` varchar(255) NOT NULL,
  `nom_interlocuteur` varchar(255) NOT NULL,
  `email` varchar(255) NOT NULL,
  `adresse_facturation` varchar(255) NOT NULL,
  `numero_fixe` varchar(255) DEFAULT NULL,
  `numero_portable` varchar(255) DEFAULT NULL,
  `siret` varchar(255) DEFAULT NULL,
  `tva` varchar(255) DEFAULT NULL,
  `echeance_paiement` varchar(255) NOT NULL,
  `infos_compl` text,
  `date_ajout` date NOT NULL
) ENGINE=MyISAM AUTO_INCREMENT=105 DEFAULT CHARSET=utf8;

--
-- Contenu de la table `Clients`
--

INSERT INTO `Clients` (`id`, `nom_societe`, `nom_interlocuteur`, `email`, `adresse_facturation`, `numero_fixe`, `numero_portable`, `siret`, `tva`, `echeance_paiement`, `infos_compl`, `date_ajout`) VALUES
(1, 'CORNER NET', 'Lionel ZANNA', 'Lionel.zanna@gmail.com', '5 RUE PISANCON - 13001 Marseille', NULL, NULL, '81904984200027', ' FR 52 819049842', 'À réception', NULL, '2016-09-30'),
(2, 'PUMA', 'Laurent DAVID', 'laurent.david@puma.com', '1 rue Louis Ampère, BP 40189 - 67405 ILLKIRCH cedex', NULL, '06 16 35 53 87', '57850410200059', 'FR55 578 504 102', 'À réception', NULL, '2016-10-31'),
(3, 'FROJO', 'Marina BAIO', 'marina.baio@frojo.com', '17 RUE GRIGNAN - 13006 Marseille', NULL, NULL, '05781726400104', 'FR 90 057817264', 'À réception', NULL, '2016-10-31'),
(4, 'ODS', 'Frédéric CORTICCHIATO', 'fcorticchiato.ods@gmail.com', '306 rue Paradis - 13008 Marseille', NULL, NULL, '452246507', 'FR48 452 246 507', 'À réception', NULL, '2016-11-30'),
(5, 'VILLE DE MARSEILLE', 'Nicolas LECCIA', 'contact@villedemarseille.fr', '2, rue de la Prison, Maison Diamantée - 13002 Marseille', NULL, NULL, NULL, NULL, 'À réception', NULL, '2016-12-31'),
(6, 'RITCHIE (SUD WEB)', 'Charles CHETRIT', 'charles.chetrit@wanadoo.fr', '19 avenue Paul Héroult, ZI de la Delorme - 13015 Marseille', NULL, NULL, '39174052900063', 'FR 57 391740529', 'À réception', NULL, '2017-01-31'),
(7, 'SARL SWAG (FAME)', 'Lyes', 'fameswag@icloud.com', '28 rue de Rome, Enseigne FAME - 13001 Marseille', NULL, NULL, '78926666500015', 'FR 34 789266665', 'À réception', NULL, '2017-01-31'),
(8, 'CREATION MEDITERRANNEE (PDS)', 'Christian Keusseyan', 'c-keusseyan@paindesucre.com', '503 rue Saint Pierre - 13012 Marseille', NULL, NULL, '32651866900212', 'FR 64 326518669', 'À réception', NULL, '2017-02-28'),
(9, 'HOME INVEST', 'Loïc', 'loic@homeinvest.fr', '33 allées Turcat Méry - 13008 Marseille', NULL, NULL, '52416084300024', 'FR 21 524160843', 'À réception', NULL, '2017-03-31'),
(10, 'PBI - Beauté et Parfum SAS', 'Christophe DREYFUSS', 'christophe.dreyfuss@pbifrance.com', '350 avenue de Londres, Parc d''Activités - 83870 SIGNES', NULL, NULL, '79274387400028', 'FR 87 792743874', 'À réception', NULL, '2017-05-31'),
(11, 'BATIBOAT', 'Batiboat', 'batiboat@hotmail.fr', '161 ROUTE LEON LACHAMP - 13009 Marseille', NULL, NULL, '53374665700014', 'FR 67 533746657', 'À réception', NULL, '2017-05-31'),
(12, 'PROCOGEST', 'Philippe SANNINO', 'procogest@wanadoo.fr', '15 Rue Beauvau - 13011 Marseille', NULL, NULL, '32036872300047', 'FR 14 320368723', 'À réception', NULL, '2017-06-26'),
(13, 'EVENEMENT SUD', 'Emmanuelle GAY', 'contact@evenementsud.fr', '21 Avenue Pauliani - 06000 Nice', NULL, NULL, NULL, NULL, 'À réception', NULL, '2018-08-06'),
(14, 'CACATOES', 'Karen AZOULAY', 'aremplir@gmail.com', '292 AVENUE DU PRADO, VILLA CECILIA - 13008 Marseille', NULL, NULL, '81426994000015', 'FR 50 814269940', 'À réception', NULL, '2017-06-26'),
(15, 'SEXTANT', 'Véronique Garzetti', 'vgarzetti@sextant.fr', '531 AVENUE DU PRADO - 13008 Marseille', NULL, NULL, '35024646800036', 'FR 11 350246468', 'À réception', NULL, '2017-06-26'),
(16, 'ADIDAS France', 'Marie-Pierre AUDIN', 'Jean-Christophe.Ropers@adidas.com', 'Comptabilité fournisseurs, 1, Allée des Orcades - 67000 STRASBOURG', NULL, NULL, '08548006900971', 'FR 58 085480069', 'À réception', NULL, '2017-06-27'),
(17, 'MAISON DU SUD', 'Michael ATTALI', 'michaelattali@hotmail.fr', 'Route de napollon - 13400 AUBAGNE', NULL, NULL, '47766112800017', ' FR 68 477661128', 'À réception', NULL, '2017-07-07'),
(18, 'IMMOBILIERE DU 7EME', 'Gael SEMPERE', 'gaelsempere@gmail.com', '242 Rue D''Endoume - 13007 Marseille', NULL, NULL, NULL, NULL, 'À réception', NULL, '2017-07-17'),
(19, 'RNM (Rive neuve)', 'Gilles RENAUD', 'renaud1967@gmail.com', '30 COURS HONORE D ESTIENNE D ORVES - 13001 Marseille', NULL, NULL, '52944846600027', 'FR 92 529448466', 'À réception', NULL, '2017-10-02'),
(20, 'ALLO COURSE EXPRESS TRANSPORT', 'Latifa BOUGHAZI', 'aremplir@gmail.com', '9 AVENUE DE SAINT ANTOINE - 13015 Marseille', NULL, NULL, NULL, NULL, 'À réception', NULL, '2017-07-20'),
(21, 'M.F. TEL (TRANSCASH)', 'Richard Sportich', 'remi.domenge@trans-cash.fr', 'ROUTE DES 4 SAISONS - 13190 ALLAUCH', NULL, NULL, '48383228300012', 'FR 16 483832283', 'À réception', NULL, '2017-07-20'),
(22, 'SARL ELKA (MOORE)', 'Karen  ZERBIB', 'moore.e@orange.fr', '8 RUE SAINT SAENS - 13001 Marseille', NULL, NULL, NULL, NULL, 'À réception', NULL, '2017-08-28'),
(23, 'LES MASSILIOUS', 'Teddy Di Grazia', 'teddyolob1405@gmail.com', '40 rue d''endoume - 13007 Marseille', NULL, NULL, '49911689500016', 'FR 12 499116895', 'À réception', NULL, '2017-08-31'),
(24, 'FNEDS', 'Marie Inacio', 'president@fneds.fr', '54 rue Jean Baptiste Pigalle - 75009 PARIS', NULL, NULL, NULL, NULL, 'À réception', NULL, '2017-09-11'),
(25, 'BAZAR (CINNAMON)', 'Jean-Claude MENDOSSA', 'rebecca.bazar@gmail.com', '90 boulevard rabateau - 13008 Marseille', NULL, NULL, '48238902000017', ' FR 16 482389020', 'À réception', NULL, '2017-09-12'),
(26, 'SARL EXPRIMER', '- ', 'aremplir@gmail.com', '180 rue louis armand - 13852 AIX EN PROVENCE', NULL, NULL, NULL, NULL, 'À réception', NULL, '2018-08-06'),
(27, 'AQUALINK INTERNATIONAL SAS', 'Nathalie TRIAL', 'contact@aqualink-international.com', '4 Quai d''arenc - 13002 Marseille', '04 88 91 85 99', NULL, '82408281200010', 'FR 39 824082812', 'À réception', NULL, '2017-10-12'),
(28, 'TMS EXPRESS', '- ', 'aremplir@gmail.com', '130 chemin des Bourrely, Parc Kallisté Bat C10 - 13015 Marseille', NULL, NULL, NULL, NULL, 'À réception', NULL, '2017-10-11'),
(29, 'AGENCE MG', 'Marielle Gassend', 'contact@agencemg.fr', '306 rue Paradis - 13008 Marseille', '04 91 82 63 46', NULL, NULL, NULL, 'À réception', NULL, '2017-10-18'),
(30, 'Laurent MERLIN', 'Laurent MERLIN', 'contact@laurentmerlin.fr ', '29 Boulevard Lord Duveen - 13008 Marseille ', NULL, '06 22 64 08 08', NULL, NULL, 'À réception', NULL, '2017-10-18'),
(31, 'SCCV  LE SEA ONE', 'Edmond ATTALI', 'contact@sud-rea.fr', 'Parc Citérama Avenue de Napollon - 13400 Aubagne', NULL, NULL, NULL, NULL, 'À réception', NULL, '2017-10-24'),
(32, 'PROMOTION GESTION REALISATION', 'Alexis Paget', 'alexis.paget@progereal.com', '64 Avenue d''Haifa, Hermes Park Bt B - 13008 Marseille', NULL, NULL, '32651872700044', ' FR 44 326518727', 'À réception', NULL, '2017-10-26'),
(33, 'LIGHTCOMM', 'Philippe VINCENT', 'philippe.vincent@lightcomm.org', '68 boulevard de la corderie - 13007 Marseille', NULL, NULL, '51923177300028', 'FR 73 519231773', 'À réception', NULL, '2017-11-07'),
(34, 'JANA ROUZE', 'Jana ROUZE', 'jan.rouze@gmail.com', '21 boulevard de tunis - 13008 Marseille', NULL, NULL, '83397556800019', 'FR 90 833975568', 'À réception', NULL, '2017-03-28'),
(35, 'LOGIC IMMO', 'Damien GIORDANO', 'damien.giordano@logic-immo.com', '1330, Avenue de La Lauzière - 13290 Aix en Provence', NULL, NULL, NULL, NULL, 'À réception', NULL, '2018-01-23'),
(36, 'RESIDENCES SERVICES CALYPSO', '-', 'contact@residence-calypso.com', '64 Avenue d''Haifa - 13008 Marseille', NULL, NULL, NULL, NULL, 'À réception', NULL, '2017-11-15'),
(37, 'SCCV Ilot 2B Nord', '-', 'aremplir@gmail.com', '64 Avenue d''Haifa, Hermes Park Bt B - 13008 Marseille', NULL, NULL, NULL, NULL, 'À réception', NULL, '2017-11-15'),
(38, 'BVI', 'Benjamin', 'rbenjamin@immobvi.fr', '25 avenue jules Cantini - 13006 Marseille', NULL, NULL, '50001662100038', 'FR 68 500016621', 'À réception', NULL, '2017-11-20'),
(39, 'BDB TRANSPORT', '- ', 'aremplir@gmail.com', '100 AVENUE DE L EUROPE BP 72082, CENTRE DE VIE L ANJOLY IMMEUBLE LE SUD - 13127 Vitrolles', NULL, NULL, '82348673300012', 'FR 94 823486733', 'À réception', NULL, '2017-11-29'),
(40, 'JYST', '-', 'aremplir@gmail.com', '362 rue paradis - 13008 Marseille ', NULL, NULL, NULL, NULL, 'À réception', NULL, '2018-08-06'),
(41, 'LES CAPRICES DE VALENTINE', '- ', 'aremplir@gmail.com', 'TRAVERSE GRANDJEAN, QUARTIER SAINT MITRE - 13013 Marseille', NULL, NULL, '44945389300017', 'FR 96 449453893', 'À réception', NULL, '2017-12-11'),
(42, 'V ET V BROS', ' Jean-Christophe VARESANO', 'serviceclient@Iyu.fr', '68 A Rue Sainte - 13001 Marseille', NULL, NULL, NULL, NULL, 'À réception', 'BDD PPROD : \r\nnom : wats_iyu\r\nuser : iyu_pprod\r\nmdp : 66Ly_d1e', '2017-12-12'),
(43, 'HABITATION BOUGAINVILLE', 'Lamazerre Emmanuelle', 'habitationbougainville@gmail.com', '102 Chemin du Vallon de l''Oriol - 13007 Marseille', NULL, '06 77 82 87 82', NULL, NULL, 'À réception', NULL, '2018-01-02'),
(44, 'EDEN LEMAN CONSULTING', 'Gérald PIFFETEAU', 'info@edenlemanconsulting.ch', 'Rue Dr Alfred Vincent 8 - 1201 Genève', NULL, NULL, NULL, NULL, 'À réception', 'FTP JE MASSURE : user 9c3xo_wats\r\nmdp : watsagency@2019\r\n\r\n9c3xo_jemassure\r\n9c3xo_jemassure\r\nmdp : jemassure@2019\r\n\r\nBDD PPROD : \r\nwatsagency_jemassure\r\njemassure\r\n1uWz_d64', '2018-01-12'),
(45, 'Ici Commence l''aventure', 'Pierre Mastalski', 'pierre@icicommencelaventure.com', 'Villa Eglantine Carraire - 13790 Rousset', NULL, NULL, NULL, NULL, 'À réception', NULL, '2018-02-05'),
(46, 'BRUVAL (0-105)', 'Karine', 'karine@0-105.com', '3 rue Roux Brignoles - 13006 Marseille', NULL, NULL, '75310409000018', ' FR 19 753104090', 'À réception', NULL, '2018-02-13'),
(47, 'Ecologis Protect', 'Nicolas Guidoni', 'contact@ecologisprotect84.fr', '505 Chemin du bac de Bompas  - 84270 Vedène', NULL, NULL, NULL, NULL, 'À réception', NULL, '2018-02-14'),
(48, 'INTERNATIONAL STYLE FASHION', 'Elazar AMART', 'e.amart@isportfashion.com', '29 bd gay lussac - 13014 Marseille', NULL, NULL, '31742915700132', 'FR 71 317429157', 'À réception', NULL, '2018-02-22'),
(49, 'SCI Les balcons du Baou', '-', 'aremplir@gmail.com', '64 Avenue d''Haifa, Hermes Park - 13008 Marseille', NULL, NULL, '83058766300014', 'FR 35 830587663', 'À réception', NULL, '2018-03-02'),
(50, 'Nikki Sushi', 'Guillaume PONS', ' contact@nikkisushi.com', '135 avenue Fortune Ferrini - 13090 Aix en provence', NULL, NULL, '49436638800028', 'FR 22 494366388', 'À réception', NULL, '2018-03-06'),
(51, 'Teddy Blake', '- ', 'help@teddyblake.com', '16 East 34th Street - 10016 New York NY', NULL, NULL, NULL, NULL, 'À réception', NULL, '2018-03-09'),
(52, 'FPC SARL (Catanzaro)', 'Patrice CATANZARO', 'commercial@patricecatanzaro.info', 'Zac les pielettes - 13740 Le Rove ', NULL, NULL, '52484988200021', 'FR 68 524849882', 'À réception', '--- PréProd BackOffice ---\r\nhttps://catanzaro.watsagency.fr/admin223joasb7/\r\nid: contact@watsagency.fr\r\npass: 7D?AT%>4x8E2scx', '2018-08-06'),
(53, 'FC Décoration (Gris perle)', '- ', 'aremplir@gmail.com', '338 Avenue de mazargues - 13008 Marseille', NULL, '04 91 79 67 05', '78877774600017', 'FR 14 788777746', 'À réception', NULL, '2018-03-13'),
(54, 'Yachting Boat 13', '- Ghislain Durant', 'aremplir@gmail.com', '2 Traverse des massaliottes - 13012 Marseille', NULL, NULL, '82056658600013', 'FR 14 820566586', 'À réception', NULL, '2018-03-20'),
(55, 'SARL ANGE', 'Francois Bultel', 'contact@boulangerie-ange.fr', '10 Rondes des Florins  - 13800 Istres', NULL, NULL, '51398444300012', 'FR 19 513984443', 'À réception', NULL, '2018-03-22'),
(56, 'PROSECUR', '- ', 'contact@prosecur.com', '10 Avenue De L’entreprise, Campus Saint Christophe - 95800 Cergy', NULL, NULL, '50515306400033', 'FR 74 505153064', 'À réception', NULL, '2018-03-27'),
(57, 'HUB BASTILLE ( AF BASTILLE SARL)', 'Aymeric Foulon', 'info@hubbastille.com', '2 rue du fbg st antoine - 75012 Paris', '01 43 44 25 95', NULL, NULL, NULL, 'À réception', NULL, '2018-03-28'),
(58, 'STAR COW', 'Edgar ', 'starcow@orange.fr', '64 rue saint honoré - 75001 Paris', NULL, NULL, NULL, NULL, 'À réception', NULL, '2018-03-30'),
(59, 'PROMOREAL', '- ', 'aremplir@gmail.com', '64 Avenue d''Haifa - 13008 Marseille', NULL, NULL, '38468049200012', 'FR 90 384680492', 'À réception', NULL, '2018-04-26'),
(60, 'LE BUZZ FACTORY', 'Barbara Boucif', 'aremplir@gmail.com', '17 rue de la taillerie - 62000 ARRAS', NULL, NULL, '40400823700079', 'FR 23 404008237', 'À réception', NULL, '2018-04-27'),
(61, 'ODE CONSULTING', '- ', 'aremplir@gmail.com', '3 pl lucien artaud - 83150 BANDOL', NULL, NULL, NULL, NULL, 'À réception', NULL, '2018-08-06'),
(62, 'PLUM DECO', 'laurence vernet', 'contact@plum-deco.com', '49 rue montaigne - 13012 Marseille', NULL, NULL, '78870101900028', 'FR 14 788701019', 'À réception', NULL, '2018-06-07'),
(63, 'EGBTI', 'Kevin GARCIA', 'kevin.garcia@egbti.com', '13 AV DU 19 MARS 1962 - 13390 AURIOL', NULL, NULL, '75371085400013', 'FR 09 753710854', 'À réception', NULL, '2018-06-11'),
(64, 'OREMIK (Rèves intimes)', 'Michael Samuelian', 'aremplir@gmail.com', '155 route des 3 lucs, La valentine - 13011 Marseille', NULL, NULL, '45107029600020', 'FR 81 451070296', 'À réception', NULL, '2018-06-22'),
(65, 'ALAV (CIG Access)', 'Alexandre', 'alexandre@cig-access.com', '44 rue des forges - 13010 MARSEILLE', NULL, NULL, '79291281800020', 'FR 94 792912818', 'À réception', '// Ancien site\r\n\r\ncig-access-pro.com/admin778\r\nid : jeremy@cig-access.com\r\nmdp : W4bD!Z_igN!)\r\n\r\n\r\n// PreProd\r\nFTP :\r\nhttp://cig.webprojects.space/\r\nhost : srv02.watsagency.fr\r\nuser : f1wats_preprod\r\nmdp : vEq8RGPiEhi#\r\n\r\n// PROD\r\ncig@51.68.94.199', '2018-07-18'),
(66, 'POSSEIDON', 'Philippe MONNET', 'aremplir@gmail.com', '28 Boulevard Princesse Charlotte - 98000 Principauté de Monaco', NULL, NULL, NULL, NULL, 'À réception', NULL, '2018-07-27'),
(67, 'LULLI SUR LA TOILE', 'Anne VOULAND', 'aremplir@gmail.com', '141 avenue de saint menet, Parc de la reynarde - 13011 Marseille', NULL, NULL, '51923328200028', 'FR 41 519233282', 'À réception', NULL, '2018-08-01'),
(68, 'BOIS & CHIFFONS', '- ', 'marseille@boisetchiffons.fr', '114 Traverse de la serviane - 13011 Marseille', '04 91 52 90 10', NULL, '44055245300027', 'FR 70 440552453', 'À réception', NULL, '2018-08-01'),
(69, 'MGC SAS', '-', 'aremplir@gmail.com', '21 boulevard de tunis - 13008 Marseille', NULL, NULL, NULL, NULL, 'À réception', NULL, '2018-01-09'),
(70, 'SARL Oshibori Concept International', 'Franck Salama', 'fsalama@oshibori-concept.com', '59, rue Boileau - 75016 PARIS', NULL, NULL, '51904144600013', 'FR 34 519041446', 'À réception', NULL, '2018-08-09'),
(71, 'KDC Racing', '- ', 'aremplir@gmail.com', '21 boulevard de tunis - 13008 Marseille', NULL, NULL, NULL, NULL, 'À réception', NULL, '2018-08-09'),
(72, 'NICKI SURF', 'Clément RUBERT', 'rubert.clement@gmail.com', 'Décathlon Village Avenue de Violesi M8 - 13320 Bouc Bel Air', NULL, NULL, '83298277100012', NULL, 'À réception', NULL, '2018-08-29'),
(74, 'SO MOCHI', 'Jonathan STIOUI', 'jonathanstioui@gmail.com', '43 ch. Vicinale de la milière - 13011 Marseille', NULL, NULL, NULL, NULL, 'À réception', 'Domaine chez Gandi\r\nID: Mochiri \r\nMDP: Franck13', '2018-09-13'),
(75, 'LYTL', 'Aremplir', 'aremplir@gmail.com', '100 av de l''europe - 13127', NULL, NULL, NULL, NULL, 'À réception', NULL, '2018-10-03'),
(76, 'Stewart', 'Aremplir', 'aremplir@gmail.com', '21 Boulevard de tunis - 13008 Marseille', NULL, NULL, NULL, NULL, 'À réception', NULL, '2018-10-03'),
(77, 'CEP (VAPRO)', 'Avy ILLOUZ', 'avy.illouz@gmail.com', '148 avenue des trois lacs - 13012 marseille', NULL, NULL, NULL, NULL, 'À réception', NULL, '2018-10-03'),
(79, 'LARIA', 'Aremplir', 'aremplir@gmail.com', '21 boulevard de tunis - 13008 Marseille', NULL, NULL, NULL, NULL, 'À réception', NULL, '2018-10-03'),
(80, ' FRANCE STAGE PERMIS', 'Aremplir', 'aremplir@gmail.com', 'Emplacement d123, Dom fontvieille - 13190 Allauch', NULL, NULL, NULL, NULL, 'À réception', NULL, '2018-10-03'),
(81, 'Domaine des calanques', 'Tomer Arditti', 'tomer@cabinet-arditti.fr', '229, route léon lachamp - 13009 Marseille', NULL, NULL, NULL, NULL, 'À réception', NULL, '2018-10-24'),
(82, 'SEVEN OF FASHION (MANU)', 'Manuel ITHIER', 'ithier@me.com', 'Avenue Général LECLERC - 83990 Saint Tropez', NULL, NULL, '84171781200017', 'FR 75 841717812', 'À réception', NULL, '2018-10-31'),
(83, 'IZEM - Maison des fondues', 'Elodie Durand', 'durand.elodienc@gmail.com', '138, Route des camoins - 13001 Marseille', NULL, NULL, NULL, NULL, 'À réception', NULL, '2018-11-19'),
(84, 'OSCAR SERVICES (BOBBLE)', 'Fabice GRORET', 'fgroret@hotmail.com', '3, avenue Jules Jouy - 93600 Aulnay sous bois', '01 84 69 00 30', NULL, NULL, NULL, 'À réception', 'BDD PPROD : \r\nuser : bobble\r\npassword : Cfrf348*\r\nnom base : wats_bobble', '2018-11-21'),
(85, 'Association Océan (Voilier Océan)', 'Alain Godel', 'godelalain@gmail.com', '20, Via Guardia Gellone - 07024 LA MADDALENA', NULL, NULL, NULL, NULL, 'À réception', NULL, '2018-12-04'),
(86, 'AJ HOME (GAZON SYNTHETIQUE)', 'Jérémy ATTAR', 'attar.jeremy09@gmail.com', '555? Rue Saint Pierre - 13012 Marseille', NULL, '06 76 39 97 20', NULL, NULL, 'À réception', 'identifiants htaccess\r\nIdentifiants : admin\r\nMot de passe : gazons2019wats\r\n', '2018-12-07'),
(87, 'Club Presse Provence', 'Charlotte VINCENT', 'charlottevincent.rp@orange.fr', '5, Cours Jean Ballard - 13001 Marseille', NULL, NULL, NULL, NULL, 'À réception', 'BDD PPROD : \r\nwats_clubpresse\r\nclubpresse\r\n187_iooB', '2018-12-13'),
(88, 'M.S.A (Orus Bijoux)', 'Jérôme ATTIAS', 'jerome@orusbijoux.fr', 'Zi athelia  219, av du serpolet - 13600 la ciotat', NULL, NULL, NULL, NULL, 'À réception', 'SSH accès\r\nVoici les accès :\r\n\r\nAdresse : https://ns270.evxonline.net:8443\r\nUtilisateur : root\r\nMot de passe : xT56tA9y\r\nIp : 188.165.38.137\r\n\r\nVoici les accès à l''interface de sauvegarde :\r\n\r\nAdresse : http://mini-backup01.evxonline.net/backuppc\r\nUtilisateur : 7081\r\nMot de passe : xT56tA9y\r\n', '2018-12-17'),
(89, 'SARL BOREALE', 'Jérôme ATTIAS', 'sylvie@orusbijoux.fr', '384, chemin des marcassin - 13600 La ciotat', NULL, NULL, NULL, NULL, 'À réception', NULL, '2018-12-27'),
(90, 'ADIDAS France SARL-division Reebok Comptabilité fournisseurs', 'Marie pierre AUDIN', 'marie.pierre.audin@reebok.com', '1, Allée des Orcades - 67000 STRASBOURG', NULL, NULL, NULL, NULL, 'À réception', NULL, '2019-01-02'),
(91, 'SO KID', 'Lionel Zanna', 'Lionel.zanna@gmail.com', '5 RUE PISANCON - 13001 Marseille', NULL, NULL, NULL, NULL, 'À réception', 'jeremiecornerstreet@gmail.com\r\nCorner@30', '2019-02-27'),
(92, 'Sportimmo', 'Thierry Sportich', 'jtorlai@sportimmo.com', '123, Zone de fontvieille - 13090 Allauch', NULL, NULL, NULL, NULL, 'À réception', NULL, '2019-03-22'),
(93, 'Yohan AZOULAY (Sushi chic)', 'Yohan AZOULAY', 'laurent@salmarrg.com.br', '292, AVENUE DU PRADO - 13008 MARSEILLE', NULL, NULL, NULL, NULL, 'À réception', 'PPROD : sushichic.watsagency.fr\r\nBDD : nom : wats_sushichic // user : sushichic_pprod // mdp : F*h9kv00', '2019-03-25'),
(94, 'Le barbier de Marseille', 'Mehdi ', 'lebarbierdemarseille@gmail.com', '91, BD NATIONAL 13003 - MARSEILLE', NULL, NULL, NULL, NULL, 'À réception', NULL, '2019-04-12'),
(95, 'LUCIE ELLENA', 'Lucie Ellena', 'lellena.perso@gmail.com', '47 bis avenue david Dellepian - 13007 Marseille', NULL, NULL, NULL, NULL, 'À réception', NULL, '2019-04-15'),
(96, 'ALS', 'Pascal MENDY', 'als13.info@gmail.com', '1161 avenue jean monnet - 13127 Vitrolles', NULL, NULL, NULL, NULL, 'À réception', NULL, '2019-05-15'),
(97, 'H2 Promoteur', 'Richard Cardinale', 'richard.cardinale@wanadoo.fr', '285 Avenue du Prado - 13008 Marseille', NULL, NULL, NULL, NULL, 'À réception', NULL, '2019-05-15'),
(98, 'A.L.S', 'Latifa Boughazi', 'als13.info@gmail.com', '1161, avenue Jean Monnet - 13127 Vitrolles', NULL, NULL, NULL, NULL, 'À réception', NULL, '2019-05-23'),
(99, 'EL ASADOR', 'Laurent Lelimouzin', 'laurent@foodandfun.fr', '161, Avenue de Saint Tronquet - 84130 Le Pontet', NULL, NULL, NULL, NULL, 'À réception', 'PPROD : elasador.watsagency.fr \r\nBDD : nom : wats_elasador // user : elasador_pprod // mdp : Er#s28x1', '2019-05-27'),
(100, 'SCCV LE SEA ONE (SUD REA)', 'Edmond Attali', 'nathalie.blaise@sud-rea.fr', 'Route de Napollon Parc Citerama - 13400 Aubagne', NULL, NULL, NULL, NULL, 'À réception', 'PPROD : \r\nsudrea.watsagency.fr\r\nwatsagency\r\nTpYjbdAXRf@MCn^8mW\r\n\r\nBDD : \r\nnom : wats_sudrea\r\nuser : sudrea_pprod\r\nmdp : pv3g_98Q', '2019-05-28'),
(101, 'REPON-DENT (Sophie Devigne)', 'GARIN Fabrice', 'contactrepon.dent@gmail.com', '10, Route du Mont Saint Eloi - 62580 Neuville Saint Vaast', NULL, '06 11 57 56 07', '85057927700011', 'FR68850579277', 'À réception', NULL, '2019-06-13'),
(102, 'MDEP (Maison des étudiants de Provence)', 'Olivier Nakam', 'olivier.nakam@yahoo.fr', '25, RUE BRAVET - 13005 MARSEILLE', NULL, NULL, '74993546600013', 'FR50749935466', 'À réception', NULL, '2019-06-17'),
(103, 'CONSTRUCTA', 'aremplir', 'aremplir@gmail.com', '134, Boulevard Haussmann - 75008 Paris', NULL, NULL, NULL, 'FR 22 347 461 246', 'À réception', NULL, '2019-06-19'),
(104, 'Immobiliere du 13 (ID 13)', 'aremplir', 'aremplir@gmail.com', '17, rue Venture - 13001 marseille', NULL, NULL, '44484939200030', 'FR72444849392', 'À réception', NULL, '2019-07-08');

-- --------------------------------------------------------

--
-- Structure de la table `Clients_hebergements`
--

CREATE TABLE IF NOT EXISTS `Clients_hebergements` (
  `id` int(11) NOT NULL,
  `id_client` int(255) NOT NULL,
  `mysql_host` varchar(255) DEFAULT NULL,
  `mysql_port` int(255) DEFAULT NULL,
  `mysql_db` varchar(255) DEFAULT NULL,
  `mysql_user` varchar(255) DEFAULT NULL,
  `mysql_passw` varchar(255) DEFAULT NULL,
  `ftp_host` varchar(255) DEFAULT NULL,
  `ftp_port` int(255) DEFAULT NULL,
  `ftp_user` varchar(255) DEFAULT NULL,
  `ftp_passw` varchar(255) DEFAULT NULL,
  `url_backoffice` text,
  `user_backoffice` varchar(255) DEFAULT NULL,
  `passw_backoffice` varchar(255) DEFAULT NULL,
  `nom_heberg` text,
  `date_renouv_heberg` date DEFAULT NULL,
  `prix_heberg` float(30,2) DEFAULT NULL
) ENGINE=InnoDB AUTO_INCREMENT=340 DEFAULT CHARSET=utf8;

--
-- Contenu de la table `Clients_hebergements`
--

INSERT INTO `Clients_hebergements` (`id`, `id_client`, `mysql_host`, `mysql_port`, `mysql_db`, `mysql_user`, `mysql_passw`, `ftp_host`, `ftp_port`, `ftp_user`, `ftp_passw`, `url_backoffice`, `user_backoffice`, `passw_backoffice`, `nom_heberg`, `date_renouv_heberg`, `prix_heberg`) VALUES
(32, 2, NULL, NULL, NULL, NULL, NULL, NULL, NULL, NULL, NULL, NULL, NULL, NULL, NULL, NULL, NULL),
(35, 5, NULL, NULL, NULL, NULL, NULL, NULL, NULL, NULL, NULL, NULL, NULL, NULL, NULL, NULL, NULL),
(50, 22, NULL, NULL, NULL, NULL, NULL, NULL, NULL, NULL, NULL, NULL, NULL, NULL, NULL, NULL, NULL),
(52, 24, NULL, NULL, NULL, NULL, NULL, NULL, NULL, NULL, NULL, NULL, NULL, NULL, NULL, NULL, NULL),
(62, 37, NULL, NULL, NULL, NULL, NULL, NULL, NULL, NULL, NULL, NULL, NULL, NULL, NULL, NULL, NULL),
(67, 36, NULL, NULL, NULL, NULL, NULL, NULL, NULL, NULL, NULL, NULL, NULL, NULL, NULL, NULL, NULL),
(69, 43, NULL, NULL, NULL, NULL, NULL, NULL, NULL, NULL, NULL, NULL, NULL, NULL, NULL, NULL, NULL),
(72, 35, NULL, NULL, NULL, NULL, NULL, NULL, NULL, NULL, NULL, NULL, NULL, NULL, NULL, NULL, NULL),
(79, 51, NULL, NULL, NULL, NULL, NULL, NULL, NULL, NULL, NULL, NULL, NULL, NULL, NULL, NULL, NULL),
(85, 57, NULL, NULL, NULL, NULL, NULL, NULL, NULL, NULL, NULL, NULL, NULL, NULL, NULL, NULL, NULL),
(96, 7, NULL, NULL, NULL, NULL, NULL, NULL, NULL, NULL, NULL, NULL, NULL, NULL, NULL, NULL, NULL),
(97, 8, NULL, NULL, NULL, NULL, NULL, NULL, NULL, NULL, NULL, NULL, NULL, NULL, NULL, NULL, NULL),
(99, 10, NULL, NULL, NULL, NULL, NULL, NULL, NULL, NULL, NULL, NULL, NULL, NULL, NULL, NULL, NULL),
(102, 14, NULL, NULL, NULL, NULL, NULL, NULL, NULL, NULL, NULL, NULL, NULL, NULL, NULL, NULL, NULL),
(103, 15, NULL, NULL, NULL, NULL, NULL, NULL, NULL, NULL, NULL, NULL, NULL, NULL, NULL, NULL, NULL),
(105, 17, NULL, NULL, NULL, NULL, NULL, NULL, NULL, NULL, NULL, NULL, NULL, NULL, NULL, NULL, NULL),
(107, 21, NULL, NULL, NULL, NULL, NULL, NULL, NULL, NULL, NULL, NULL, NULL, NULL, NULL, NULL, NULL),
(112, 33, NULL, NULL, NULL, NULL, NULL, NULL, NULL, NULL, NULL, NULL, NULL, NULL, NULL, NULL, NULL),
(115, 39, NULL, NULL, NULL, NULL, NULL, NULL, NULL, NULL, NULL, NULL, NULL, NULL, NULL, NULL, NULL),
(118, 48, NULL, NULL, NULL, NULL, NULL, NULL, NULL, NULL, NULL, NULL, NULL, NULL, NULL, NULL, NULL),
(120, 50, NULL, NULL, NULL, NULL, NULL, NULL, NULL, NULL, NULL, NULL, NULL, NULL, NULL, NULL, NULL),
(122, 53, NULL, NULL, NULL, NULL, NULL, NULL, NULL, NULL, NULL, NULL, NULL, NULL, NULL, NULL, NULL),
(127, 60, NULL, NULL, NULL, NULL, NULL, NULL, NULL, NULL, NULL, NULL, NULL, NULL, NULL, NULL, NULL),
(132, 67, NULL, NULL, NULL, NULL, NULL, NULL, NULL, NULL, NULL, NULL, NULL, NULL, NULL, NULL, NULL),
(135, 4, NULL, NULL, NULL, NULL, NULL, NULL, NULL, NULL, NULL, NULL, NULL, NULL, NULL, NULL, NULL),
(137, 71, NULL, NULL, NULL, NULL, NULL, NULL, NULL, NULL, NULL, NULL, NULL, NULL, NULL, NULL, NULL),
(142, 75, NULL, NULL, NULL, NULL, NULL, NULL, NULL, NULL, NULL, NULL, NULL, NULL, NULL, NULL, NULL),
(143, 76, NULL, NULL, NULL, NULL, NULL, NULL, NULL, NULL, NULL, NULL, NULL, NULL, NULL, NULL, NULL),
(147, 80, NULL, NULL, NULL, NULL, NULL, NULL, NULL, NULL, NULL, NULL, NULL, NULL, NULL, NULL, NULL),
(152, 16, NULL, NULL, NULL, NULL, NULL, NULL, NULL, NULL, NULL, NULL, NULL, NULL, NULL, NULL, NULL),
(155, 83, NULL, NULL, NULL, NULL, NULL, NULL, NULL, NULL, NULL, NULL, NULL, NULL, NULL, NULL, NULL),
(173, 72, NULL, NULL, NULL, NULL, NULL, NULL, NULL, NULL, NULL, '/wp-admin', 'watsagency', 'ZM$hmNZaoqzvk27HJu', NULL, NULL, NULL),
(174, 62, NULL, NULL, NULL, NULL, NULL, NULL, NULL, NULL, NULL, '/admin811g6mmu3/', 'dev@watsagency.fr', 'ZH59thTcQ4g6', NULL, NULL, NULL),
(175, 3, NULL, NULL, NULL, NULL, NULL, NULL, NULL, NULL, NULL, 'https://www.frojo.com/Admin_IBXz8n/', 'frojo', '3A6x2z5G4z5AP', NULL, NULL, NULL),
(176, 74, NULL, NULL, NULL, NULL, NULL, NULL, NULL, NULL, NULL, '/wp-admin/', 'watsagency', 'SfUBhZVqjwkrWHKxEY', NULL, NULL, NULL),
(180, 89, NULL, NULL, NULL, NULL, NULL, NULL, NULL, NULL, NULL, NULL, NULL, NULL, NULL, NULL, NULL),
(183, 90, NULL, NULL, NULL, NULL, NULL, NULL, NULL, NULL, NULL, NULL, NULL, NULL, NULL, NULL, NULL),
(185, 68, 'localhost', 3306, 'watsagency_boisetchiffons', 'boisetchiffons', 'xywV48@1', NULL, NULL, NULL, NULL, '/admin507md6u6s/', 'dev@watsagency.fr', '6yN9Q2uuJ3Lp', NULL, NULL, NULL),
(195, 81, 'localhost', 3306, 'wats_domainedescalanques', 'calanques', '5uo5pK9^', 'Dynamix', NULL, NULL, NULL, 'http://domainedescalanques.watsagency.fr/wp-admin', 'watsagency', 'oKCh^OfPve**bz8Rkl', NULL, NULL, NULL),
(196, 79, 'localhost', NULL, 'watsagency_laria', 'laria', 'dEv55bddau', NULL, NULL, NULL, NULL, 'https://www.laria.fr/admin818jxiios/', 'lariafrance18@gmail.com', 'liberte1212aura', '1and1 597469349/Laria.18 / ga499042-ovh / Aura2018', NULL, NULL),
(204, 85, 'localhost', 3306, 'wats_voilierocean', 'voilierocean', '5Cub95n_', 'Dynamix', NULL, NULL, NULL, 'http://voilierocean.watsagency.fr/wp-admin', 'watsagency', '$ReR6!J(DA@T!JiR%j', NULL, NULL, NULL),
(205, 29, NULL, NULL, NULL, NULL, NULL, NULL, NULL, NULL, NULL, 'https://agencemg.fr/wp-admin', 'watsagency', 'H5*la)RmuqIZwnaS7z', NULL, NULL, NULL),
(208, 54, NULL, NULL, NULL, NULL, NULL, NULL, NULL, NULL, NULL, 'https://www.yachtingboat13.fr/login', 'watsagency', 'CEXrukzY1PzI4KD^&o', NULL, NULL, NULL),
(213, 46, NULL, NULL, NULL, NULL, NULL, NULL, NULL, NULL, 'A5D6z3x2GF4g5Z', 'https://0-105.com/admin959ioksug/', 'tolga@watsagency.fr', 'WatsAgency13013', NULL, NULL, NULL),
(215, 6, NULL, NULL, NULL, NULL, NULL, NULL, NULL, NULL, NULL, 'https://ritchie.webprojects.space/Admin_krS7m3/', 'ritchie-jeans', 'XVDJnKuAoRqCMhposhHq', NULL, NULL, NULL),
(217, 11, NULL, NULL, NULL, NULL, NULL, NULL, NULL, NULL, NULL, 'batiboat.fr/login/', 'contact@watsagency.fr', 'I6V(xf%(ABhIuz#Uv*dKjQTT', NULL, NULL, NULL),
(222, 27, NULL, NULL, NULL, NULL, NULL, NULL, NULL, NULL, NULL, 'https://www.aqualink-international.com/wp-admin/', 'watsagency', '0mt@QuF3hm^xhGE3^)U1!uls', NULL, NULL, NULL),
(223, 30, NULL, NULL, NULL, NULL, NULL, NULL, NULL, NULL, NULL, 'laurentmerlin.fr/login/', 'admin', 'W0@@ltlkbb63s0*(', NULL, NULL, NULL),
(227, 32, NULL, NULL, NULL, NULL, NULL, NULL, NULL, NULL, NULL, 'http://promoreal.watsagency.fr/', 'watsagency', 'c6s)qvuGR5I6K(@z(1', NULL, NULL, NULL),
(229, 38, NULL, NULL, NULL, NULL, NULL, NULL, NULL, NULL, NULL, 'immobvi.fr/login/', 'watsagency', '8Hc8O3P^m%9Z(&poy%K^V4WP', NULL, NULL, NULL),
(231, 47, NULL, NULL, NULL, NULL, NULL, NULL, NULL, NULL, NULL, 'ecologisprotect.fr/login/', 'watsagency', 'X2mFhIcF!f^HUMeFl92V!BJC', NULL, NULL, NULL),
(232, 49, NULL, NULL, NULL, NULL, NULL, NULL, NULL, NULL, NULL, 'lesbalconsdubaou.com/login/', 'watsagency', 'ZZIsbW!h!NHU5zm29z', NULL, NULL, NULL),
(233, 55, NULL, NULL, NULL, NULL, NULL, NULL, NULL, NULL, NULL, 'ange.watsagency.fr/wp-admin/', 'watsagency', 'x3Fw%Sv2Gaph(Z&BDD', NULL, NULL, NULL),
(234, 56, NULL, NULL, NULL, NULL, NULL, NULL, NULL, NULL, NULL, 'prosecur.fr/login/', 'watsagency', 'jQJjXgmr#)fVn^GZYo', NULL, NULL, NULL),
(235, 59, NULL, NULL, NULL, NULL, NULL, NULL, NULL, NULL, NULL, 'promoreal.watsagency.fr/wp-admin/', 'watsagency', 'c6s)qvuGR5I6K(@z(1', NULL, NULL, NULL),
(236, 63, NULL, NULL, NULL, NULL, NULL, NULL, NULL, NULL, NULL, 'egbti.fr/wp-admin/', 'watsagency', 'I!evht$f5(oOKzgL)%', NULL, NULL, NULL),
(237, 66, NULL, NULL, NULL, NULL, NULL, NULL, NULL, NULL, NULL, 'posseidon.watsagency.fr/wp-admin/', 'watsagency', 'Jg*yLo*ql6yJeU!MdM', NULL, NULL, NULL),
(238, 69, NULL, NULL, NULL, NULL, NULL, NULL, NULL, NULL, NULL, 'mgc.watsagency.fr/login/', 'watsagency', '5O!9B)#Vm@gl9bMNOZ7MdUXB', NULL, NULL, NULL),
(244, 82, 'localhost', 3306, 'wats_manu', 'manu', 'Ayus81%3', 'Dynamix', NULL, NULL, NULL, '/admin739wkhnye/', 'dev@watsagency.fr', '8&:E7bbs4S', 'Gandi Ithiermanuel27/ PAPA070156', NULL, NULL),
(246, 88, NULL, NULL, NULL, NULL, 'n3v4^u1Z', '188.165.38.137', NULL, 'wats', 'n3v4^u1Z', 'https://orusbijoux.fr/wp-admin/', 'maud@watsagency.fr', 'U!Oxbz4I^RAd@9RNn3sg22qk', NULL, NULL, NULL),
(251, 91, NULL, NULL, NULL, NULL, NULL, NULL, NULL, NULL, NULL, 'https://www.sokid.fr/skd_administration', 'sokid', 'A2C*AD7Gk@zB', NULL, NULL, NULL),
(263, 64, 'localhost', 3306, 'wats_revesintimes', 'revesintimes', '!dk05tI3', 'Dynamix', NULL, NULL, NULL, 'http://reves-intimes.watsagency.fr/admin13/', 'contact@reves-intimes.fr', 'Marseille13', NULL, NULL, NULL),
(264, 52, '127.0.0.1', NULL, 'catanzaro', 'maisoncatanzaro', '_S71aoc0', NULL, NULL, NULL, NULL, '/admin223joasb7/', 'contact@watsagency.fr', 'wats2018', NULL, NULL, NULL),
(267, 58, NULL, NULL, NULL, NULL, NULL, 'srv02.watsagency.fr', NULL, 'f1wats-starcow', '#xA5yaTfoSG', 'https://starcowparis.com/ecoadmin/', 'bilal.hadjeb@gmail.com', 'starcow2015', NULL, NULL, NULL),
(268, 13, NULL, NULL, NULL, NULL, NULL, NULL, NULL, NULL, NULL, 'evenementsud.fr/login/', 'watsagency', 'DvBhrUS5in3A97Jyz3', 'online / esud / MG160251', '2018-09-19', 362.52),
(269, 45, NULL, NULL, NULL, NULL, NULL, NULL, NULL, NULL, NULL, '/wp-admin/', 'watsagency', 'y(luyLpzDoQN4kA43YGajdKt', NULL, NULL, NULL),
(272, 41, NULL, NULL, NULL, NULL, NULL, NULL, NULL, NULL, NULL, '/wp-admin/', 'adv', 'yMEGXeQmIjPU7ptujY', NULL, NULL, NULL),
(273, 94, NULL, NULL, NULL, NULL, NULL, NULL, NULL, NULL, NULL, NULL, NULL, NULL, NULL, NULL, NULL),
(279, 77, NULL, NULL, NULL, NULL, NULL, NULL, NULL, NULL, NULL, 'https://vapro-distribution.com/admin075t3dgox/  // PPROD : https://aspire.watsagency.fr/admin075t3dgox', 'dev@watsagency.fr', '4eTZYzxn52U8', NULL, NULL, NULL),
(280, 44, NULL, NULL, NULL, NULL, NULL, NULL, NULL, NULL, NULL, 'https://www.edenlemanconsulting.ch/login/', 'watsagency', 'dk9xgzVHDJXW27$(I7Rnv^8%', NULL, NULL, NULL),
(281, 87, 'localhost', 3306, 'clubpresseprov', 'clubpresseprov', 'Fssf52#2', NULL, NULL, NULL, NULL, 'club-presse-provence.com/wp-admin', 'watsagency', 'qm*iOJntLfe*GPBDpM', NULL, NULL, NULL),
(282, 42, NULL, NULL, NULL, NULL, NULL, NULL, NULL, NULL, NULL, 'iyu.fr/admin8712okkd7/', 'caroline@watsagency.fr', 'Cano@0204', NULL, NULL, NULL),
(283, 92, NULL, NULL, NULL, NULL, NULL, NULL, NULL, NULL, NULL, '/login', 'watsagency', 'Lai*Fyv!IXjaMUHBwZ6sSOrT', NULL, NULL, NULL),
(284, 96, NULL, NULL, NULL, NULL, NULL, 'ftp.cluster021.hosting.ovh.net', NULL, 'alsfrewain', 'PtCGMFQxpvyn', NULL, NULL, NULL, NULL, NULL, NULL),
(285, 97, NULL, NULL, NULL, NULL, NULL, NULL, NULL, NULL, NULL, NULL, NULL, NULL, NULL, NULL, NULL),
(287, 95, NULL, 3306, 'lucie_ellena_wats', 'lucie_pprod', 'sV&168ux', NULL, NULL, NULL, NULL, 'http://lucie-ellena.watsagency.fr/', 'watsagency', 'B*kt9B@c0UsJfvJk0z', NULL, NULL, NULL),
(289, 65, 'https://149.202.210.201:8080/', 3306, 'db1cigpro', 'admin', 'hrX9YqunHhZg', 'srv02.watsagency.fr', NULL, 'f1wats', 'Fsx85_Db', 'http://cig-access-pro.com/adminWats_9A6x3ZD/', 'tolga@watsagency.fr', 'A3x2zA6g5A5yA', NULL, NULL, NULL),
(294, 31, NULL, NULL, NULL, NULL, NULL, NULL, NULL, NULL, NULL, 'sud-rea.fr/watsagency/', 'watsagency', 'fA4CbJwZgpZx##8%', NULL, NULL, NULL),
(296, 25, NULL, NULL, NULL, NULL, NULL, NULL, NULL, NULL, NULL, NULL, NULL, NULL, NULL, NULL, NULL),
(302, 19, NULL, NULL, NULL, NULL, NULL, NULL, NULL, NULL, NULL, 'https://riveneuve.fr/index.php/AdminWats_41A65f3A/', 'admin', 'Rb6KUSw0iGoI', NULL, '2020-03-01', 320.00),
(303, 34, NULL, NULL, NULL, NULL, NULL, NULL, NULL, NULL, NULL, 'https://www.janarouze.com/login/', 'watsagency', 'zfV4L7$zeGBXZUTg', NULL, '2020-06-01', 200.00),
(304, 28, NULL, NULL, NULL, NULL, NULL, NULL, NULL, NULL, NULL, NULL, NULL, NULL, NULL, '2019-10-01', 150.00),
(306, 23, NULL, NULL, NULL, NULL, NULL, NULL, NULL, NULL, NULL, NULL, 'damien.cano@web-is-all.com', 'Ddev@dev19', NULL, '2019-09-01', 200.00),
(307, 12, NULL, NULL, NULL, NULL, NULL, NULL, NULL, NULL, NULL, '/wp-admin/', 'watsagency', '($^en6wPjKk!ZwLT$seuwOyR', NULL, '2019-10-01', 200.00),
(308, 20, NULL, NULL, NULL, NULL, NULL, NULL, NULL, NULL, NULL, NULL, NULL, NULL, NULL, '2019-11-02', 200.00),
(311, 70, NULL, 3306, NULL, NULL, NULL, NULL, NULL, NULL, NULL, 'http://oshibori.watsagency.fr/admin439pa7ddq/', 'dev@watsagency.fr', 'A32x21Z56G', 'https://admin.gandi.net / francksalama - nDLYw3MS####', NULL, NULL),
(312, 101, NULL, NULL, NULL, NULL, NULL, NULL, NULL, NULL, NULL, NULL, NULL, NULL, NULL, NULL, NULL),
(318, 103, NULL, NULL, NULL, NULL, NULL, NULL, NULL, NULL, NULL, NULL, NULL, NULL, NULL, NULL, NULL),
(322, 86, NULL, 3306, 'gazon', 'mysql_gazonsynth', 'admin@gazons-synthetiques.net', '149.202.199.11', 6299, 'gazonsprod', 'Axzzd1Ad3z565z996q5SDG', 'http://gazons.watsagency.fr/ajhome/', 'wats@gazons-synthetiques.net', 'Atlantis13!!!', NULL, NULL, NULL),
(323, 100, NULL, NULL, NULL, NULL, NULL, NULL, NULL, NULL, NULL, 'https://sud-rea.fr/wp-login', 'watsagency', 'fA4CbJwZgpZx##8%', NULL, NULL, NULL),
(324, 9, NULL, NULL, NULL, NULL, NULL, NULL, NULL, NULL, NULL, 'homeinvest.fr/wp-admin/', 'watsagency', '&52tVbPhiqqObBYpbNLQ6l4X', NULL, NULL, NULL),
(325, 98, NULL, NULL, NULL, NULL, NULL, 'ftp.cluster021.hosting.ovh.net', 21, 'alsfrewain', 'Az3x2D6a2d44FF', 'http://gestion.als13.fr', 'ALS', 'ALS@2019', NULL, NULL, NULL),
(331, 93, NULL, NULL, NULL, NULL, NULL, NULL, NULL, NULL, NULL, '/admin149spzxhl/', 'dev@watsagency.fr', '7x3xgHLW2', NULL, NULL, NULL),
(333, 99, NULL, NULL, NULL, NULL, NULL, NULL, NULL, NULL, NULL, '/wp-admin/', 'watsagency', 'KDN#Im1lxfkI6kS*O@', NULL, NULL, NULL),
(334, 84, 'localhost', 3306, 'wats_bobbleliquide', 'bobbleliquide', 'ql9P58f$', 'Dynamix', NULL, NULL, NULL, '/admin473haivvd/', 'dev@watsagency.fr', 'Dx9vr74BB3z', NULL, NULL, NULL),
(335, 1, NULL, NULL, NULL, NULL, NULL, NULL, NULL, NULL, NULL, 'https://www.cornerstreet.fr/index.php/CORNERcontrol2016/', 'wats', '3Zcmej`q7VeC3}p&', NULL, NULL, NULL),
(336, 102, NULL, NULL, NULL, NULL, NULL, NULL, NULL, NULL, NULL, NULL, NULL, NULL, NULL, NULL, NULL),
(338, 18, NULL, NULL, NULL, NULL, NULL, NULL, NULL, NULL, NULL, NULL, NULL, NULL, NULL, NULL, NULL),
(339, 104, NULL, NULL, NULL, NULL, NULL, NULL, NULL, NULL, NULL, NULL, NULL, NULL, NULL, NULL, NULL);

-- --------------------------------------------------------

--
-- Structure de la table `Devis`
--

CREATE TABLE IF NOT EXISTS `Devis` (
  `id` int(255) NOT NULL,
  `id_client` int(255) NOT NULL,
  `nom_designation` text NOT NULL,
  `email` varchar(255) NOT NULL,
  `adresse_facturation` varchar(255) NOT NULL,
  `tel_fixe` varchar(255) DEFAULT NULL,
  `tel_portable` varchar(255) DEFAULT NULL,
  `date_devis` date NOT NULL,
  `date_paiement` date DEFAULT NULL,
  `type_reglement` varchar(255) DEFAULT NULL,
  `numero_devis` varchar(255) NOT NULL,
  `tva_applicable` tinyint(1) NOT NULL,
  `total_ht` float(30,2) NOT NULL,
  `total_marge` float(30,2) NOT NULL DEFAULT '0.00',
  `statut` int(10) NOT NULL DEFAULT '0'
) ENGINE=InnoDB AUTO_INCREMENT=17 DEFAULT CHARSET=utf8;

--
-- Contenu de la table `Devis`
--

INSERT INTO `Devis` (`id`, `id_client`, `nom_designation`, `email`, `adresse_facturation`, `tel_fixe`, `tel_portable`, `date_devis`, `date_paiement`, `type_reglement`, `numero_devis`, `tva_applicable`, `total_ht`, `total_marge`, `statut`) VALUES
(1, 102, 'Devis Vidéo MDEP', 'aremplir@gmail.com', '25, RUE BRAVET - 13005 MARSEILLE', '', '', '2019-06-17', NULL, NULL, 'DE-1906-002', 1, 2760.00, 0.00, 0),
(2, 1, 'Mise en place des ventes privées', 'Lionel.zanna@gmail.com', '5 RUE PISANCON - 13001 Marseille', '', '', '2019-06-17', '2019-06-18', 'Indéfini', 'DE-1906-001', 1, 280.00, 0.00, 1),
(3, 100, 'Maintenance de contenu annuelle (12 mois de juin à juin)', 'nathalie.blaise@sud-rea.fr', 'Route de Napollon Parc Citerama - 13400 Aubagne', '', '', '2019-06-18', NULL, NULL, 'DE-1906-003', 1, 588.00, 0.00, 0),
(4, 52, 'Ajout de fonctionnalités sur le site', 'commercial@patricecatanzaro.info', 'Zac les pielettes - 13740 Le Rove ', '', '', '2019-06-18', '2019-06-20', 'Indéfini', 'DE-1906-004', 1, 418.00, 0.00, 1),
(5, 103, 'Création de contenu photo', 'bstutzmann@constructa.fr', '134, Boulevard Haussmann - 75008 Paris', '', '', '2019-06-19', NULL, NULL, 'DE-1906-005', 1, 700.00, 0.00, 0),
(6, 1, 'Optimisations & Conseil serveur', 'Lionel.zanna@gmail.com', '5 RUE PISANCON - 13001 Marseille', '', '', '2019-06-25', NULL, NULL, 'DE-1906-006', 1, 868.00, 0.00, 0),
(7, 82, 'Packshot Manu', 'ithier@me.com', 'Avenue Général LECLERC - 83990 Saint Tropez', '', '', '2019-06-27', '2019-07-02', 'Indéfini', 'DE-1906-007', 1, 550.00, 0.00, 1),
(8, 3, 'Vidéos dans les fiches produits', 'marina.baio@frojo.com', '17 RUE GRIGNAN - 13006 Marseille', '', '', '2019-06-28', NULL, NULL, 'DE-1907-001', 1, 1054.00, 0.00, 0),
(9, 65, 'Devis Intervention', 'alexandre@cig-access.com', '44 rue des forges - 13010 MARSEILLE', '', '', '2019-06-28', NULL, NULL, 'DE-1906-009', 1, 1750.00, 0.00, 0),
(10, 65, 'Module d''exclusivité', 'alexandre@cig-access.com', '44 rue des forges - 13010 MARSEILLE', '', '', '2019-07-03', NULL, NULL, 'DE-1907-002', 1, 1120.00, 0.00, 0),
(11, 19, 'Ajout d''un nouveau transporteur pour Farfetch', 'renaud1967@gmail.com', '30 COURS HONORE D ESTIENNE D ORVES - 13001 Marseille', '', '', '2019-07-04', NULL, NULL, 'DE-1907-003', 1, 560.00, 0.00, 0),
(12, 46, 'Refonte du site internet', 'karine@0-105.com', '3 rue Roux Brignoles - 13006 Marseille', '', '', '2019-07-05', '2019-07-10', 'Indéfini', 'DE-1907-004', 1, 1457.75, 0.00, 1),
(13, 84, 'Site en anglais', 'fgroret@hotmail.com', '3, avenue Jules Jouy - 93600 Aulnay sous bois', '01 84 69 00 30', '', '2019-07-08', '2019-07-10', 'Indéfini', 'DE-1907-005', 1, 712.00, 0.00, 1),
(14, 70, 'Correction menu et modification page univers', 'fsalama@oshibori-concept.com', '59, rue Boileau - 75016 PARIS', '', '', '2019-07-08', '2019-07-08', 'Indéfini', 'DE-1907-006', 1, 210.00, 0.00, 1),
(15, 70, 'Intégration pop-up', 'fsalama@oshibori-concept.com', '59, rue Boileau - 75016 PARIS', '', '', '2019-07-09', NULL, NULL, 'DE-1907-007', 1, 260.00, 0.00, 0),
(16, 77, 'Codes ISO pour TVA', 'avy.illouz@gmail.com', '148 avenue des trois lacs - 13012 marseille', '', '', '2019-07-10', '2019-07-10', 'Indéfini', 'DE-1907-008', 1, 612.00, 0.00, 1);

-- --------------------------------------------------------

--
-- Structure de la table `Devis_designations`
--

CREATE TABLE IF NOT EXISTS `Devis_designations` (
  `id` int(255) NOT NULL,
  `id_devis` int(255) NOT NULL,
  `designation` text NOT NULL,
  `quantite` int(255) NOT NULL DEFAULT '1',
  `montant_ht` float(30,2) NOT NULL
) ENGINE=InnoDB AUTO_INCREMENT=126 DEFAULT CHARSET=utf8;

--
-- Contenu de la table `Devis_designations`
--

INSERT INTO `Devis_designations` (`id`, `id_devis`, `designation`, `quantite`, `montant_ht`) VALUES
(21, 1, '1/2 Journée de Tournage (4h) : 1 Cadreur, 1 Camera 5D Mark III ou 1 Camera Sony A7S2 (selon le besoin) Objectif 24-105mm', 3, 480.00),
(22, 1, '1/2 Journée de Montage (4h) : Station Adobe Premiere Pro', 2, 600.00),
(23, 1, 'Musique Libre de droits : Usage privée et WEB limité uniquement', 1, 120.00),
(24, 1, 'Livrables : 1 Video d''1min30 environ au format MP4 en Full HD / 4 Mini-Videos de 10 sec environ au format MP4 en Full HD', 1, 0.00),
(29, 3, 'Maintenance de contenu annuelle (12 mois de juin à juin)', 12, 49.00),
(34, 2, 'Mise en place des ventes privées', 1, 280.00),
(37, 5, 'Frais de déplacement & logistique', 1, 200.00),
(38, 5, 'Création de la banque d''image (10 visuels)', 1, 500.00),
(39, 4, 'Installation et configuration du module de remises en fonction du nombre de produits achetés', 1, 254.00),
(40, 4, 'Installation et configuration du module de sondage à la création du compte client', 1, 164.00),
(49, 6, 'Optimisations du serveur selon recommandations', 12, 62.00),
(50, 6, 'Mise en place d''un système anti-bots uniquement sur les releases chaudes', 2, 62.00),
(64, 8, 'Ajout de fonctionnalité pour avoir une vidéo dans une fiche produit', 17, 62.00),
(65, 7, '10 paires de Baskets : 3 photos par paire + retouche & Détourage fond Blanc', 1, 550.00),
(68, 9, 'Exporter les factures M4PDF au lieu d''exporter en CSV dans la page des commandes', 1, 806.00),
(69, 9, 'Notifications Push : Installation & Configuration du module', 1, 162.00),
(70, 9, 'Génération d''avoirs ne doit pas toucher aux stocks', 1, 162.00),
(71, 9, 'Gestion des bons d''entrée', 1, 620.00),
(74, 10, 'Développement d''un module d''exclusivité', 1, 1120.00),
(77, 11, 'Ajout d''un nouveau transporteur pour Farfetch', 8, 70.00),
(101, 14, 'Intervention sur la traduction du menu', 1, 70.00),
(102, 14, 'Modification de la page univers', 1, 140.00),
(115, 15, 'Intégration et design du pop-up newsletter', 1, 260.00),
(121, 16, 'Automatisation des codes ISO pour numéro de TVA', 1, 612.00),
(122, 12, 'Refonte du site 0-105 (Installation de la pré-production, Refonte des pages catalogues et produits, mise en ligne et recettage)', 1, 1715.00),
(123, 12, 'Remise commerciale -15%', 1, -257.25),
(124, 13, 'Version anglaise du site internet', 1, 280.00),
(125, 13, 'Création des pages web FDS', 1, 432.00);

-- --------------------------------------------------------

--
-- Structure de la table `Factures`
--

CREATE TABLE IF NOT EXISTS `Factures` (
  `id` int(255) NOT NULL,
  `id_client` int(255) NOT NULL,
  `nom_designation` text NOT NULL,
  `email` varchar(255) NOT NULL,
  `adresse_facturation` varchar(255) NOT NULL,
  `tel_fixe` varchar(255) DEFAULT NULL,
  `tel_portable` varchar(255) DEFAULT NULL,
  `date_facture` date NOT NULL,
  `date_paiement` date DEFAULT NULL,
  `type_reglement` varchar(255) DEFAULT NULL,
  `numero_facture` varchar(255) NOT NULL,
  `tva_applicable` tinyint(1) NOT NULL,
  `total_ht` float(30,2) NOT NULL,
  `total_marge` float(30,2) NOT NULL DEFAULT '0.00',
  `statut` int(10) NOT NULL DEFAULT '0' COMMENT '0 = En attente, 1 = Payée'
) ENGINE=InnoDB AUTO_INCREMENT=620 DEFAULT CHARSET=utf8;

--
-- Contenu de la table `Factures`
--

INSERT INTO `Factures` (`id`, `id_client`, `nom_designation`, `email`, `adresse_facturation`, `tel_fixe`, `tel_portable`, `date_facture`, `date_paiement`, `type_reglement`, `numero_facture`, `tva_applicable`, `total_ht`, `total_marge`, `statut`) VALUES
(1, 34, 'Solde sur site', 'jan.rouze@gmail.com', '21 boulevard de tunis - 13008 Marseille', '', '', '2018-01-02', '2018-01-05', 'Chèque', 'FA-1801-0001', 1, 1080.00, 972.00, 1),
(2, 43, 'Mise en place de l''optimisation du référencement', 'habitationbougainville@gmail.com', '102 Chemin du Vallon de l''Oriol - 13007 Marseille', '', '06 77 82 87 82', '2018-01-02', '2018-01-17', 'Virement', 'FA-1801-0002', 1, 200.00, 180.00, 1),
(3, 20, '3ème acompte sur logiciel', 'aremplir@gmail.com', '9 AVENUE DE SAINT ANTOINE - 13015 Marseille', '', '', '2018-08-06', '2018-01-09', 'Virement', 'FA-1801-0003', 1, 1125.00, 1012.50, 1),
(4, 39, '2ème acompte sur logiciel', 'aremplir@gmail.com', '100 AVENUE DE L EUROPE BP 72082, CENTRE DE VIE L ANJOLY IMMEUBLE LE SUD - 13127 Vitrolles', '', '', '2018-01-02', '2018-01-09', 'Indéfini', 'FA-1801-0004', 1, 216.67, 195.00, 1),
(5, 31, 'Créa et impression de plaquette', 'contact@sud-rea.fr', 'Parc Citérama Avenue de Napollon - 13400 Aubagne', '', '', '2018-01-03', '2018-02-21', 'Indéfini', 'FA-1801-0005', 1, 689.00, 620.10, 1),
(6, 38, 'BVI', 'rbenjamin@immobvi.fr', '25 avenue jules Cantini - 13006 Marseille', '', '', '2018-01-04', '2018-01-17', 'Indéfini', 'FA-1801-0006', 1, 570.00, 513.00, 1),
(7, 34, '-', 'jan.rouze@gmail.com', '21 boulevard de tunis - 13008 Marseille', '', '', '2018-01-08', '2018-01-10', 'Indéfini', 'FA-1801-0007', 1, 300.00, 270.00, 1),
(8, 34, '-', 'jan.rouze@gmail.com', '21 boulevard de tunis - 13008 Marseille', '', '', '2018-08-06', '2018-01-10', 'Indéfini', 'FA-1801-0008', 1, 219.00, 197.10, 1),
(9, 39, 'Solde sur logiciel', 'aremplir@gmail.com', '100 AVENUE DE L EUROPE BP 72082, CENTRE DE VIE L ANJOLY IMMEUBLE LE SUD - 13127 Vitrolles', '', '', '2018-01-09', '2018-01-09', 'Virement', 'FA-1801-0010', 1, 216.67, 195.00, 1),
(10, 24, 'Acompte sur intervention', 'president@fneds.fr', '54 rue Jean Baptiste Pigalle - 75009 PARIS', '', '', '2018-01-10', '2018-04-20', 'Indéfini', 'FA-1801-0011', 1, 200.00, 180.00, 1),
(11, 69, 'Acompte sur développement du site', 'aremplir@gmail.com', '21 boulevard de tunis - 13008 Marseille', '', '', '2018-01-09', '2018-01-15', 'Virement', 'FA-1801-0009', 1, 360.00, 324.00, 1),
(12, 32, 'Second acompte sur site progereal', 'alexis.paget@progereal.com', '64 Avenue d''Haifa, Hermes Park Bt B - 13008 Marseille', '', '', '2018-01-12', '2018-06-06', 'Indéfini', 'FA-1801-0012', 1, 1404.00, 1263.60, 1),
(13, 27, '4ème mensualité sur 12', 'contact@aqualink-international.com', '4 Quai d''arenc - 13002 Marseille', '04 88 91 85 99', '', '2018-01-12', '2018-03-19', 'Indéfini', 'FA-1801-0013', 1, 900.00, 810.00, 1),
(14, 44, '1er acompte de 30% sur développement', 'info@edenlemanconsulting.ch', 'Rue Dr Alfred Vincent 8 - 1201 Genève', '', '', '2018-01-12', '2018-01-24', 'Virement', 'FA-1801-0014', 0, 1053.00, 947.70, 1),
(15, 24, 'Solde sur intervention', 'president@fneds.fr', '54 rue Jean Baptiste Pigalle - 75009 PARIS', '', '', '2018-01-22', '2018-04-20', 'Indéfini', 'FA-1801-0015', 1, 300.00, 270.00, 1),
(16, 42, 'Second acompte sur IYU', 'aremplir@gmail.com', '68 A Rue Sainte - 13001 Marseille', '', '', '2018-01-23', '2018-07-23', 'Virement', 'FA-1801-0016', 1, 1020.00, 918.00, 1),
(17, 35, 'Courrier LI et SL', 'damien.giordano@logic-immo.com', '1330, Avenue de La Lauzière - 13290 Aix en Provence', '', '', '2018-01-23', '2018-03-01', 'Indéfini', 'FA-1801-0017', 1, 490.00, 441.00, 1),
(18, 33, 'Acompte de 30% sur développement Medef', 'philippe.vincent@lightcomm.org', '68 boulevard de la corderie - 13007 Marseille', '', '', '2018-01-23', '2018-03-30', 'Virement', 'FA-1801-0018', 1, 510.00, 459.00, 1),
(19, 16, 'Créa contenus ', 'marie.pierre.audin@reebok.com', 'Division Reebok Comptabilité fournisseurs, B.P. 80067 - 67702 SAVERNE CEDEX', '', '', '2018-01-31', '2018-02-08', 'Virement', 'FA-1801-0020', 1, 12000.00, 10800.00, 1),
(20, 33, 'Solde Tysilio', 'philippe.vincent@lightcomm.org', '68 boulevard de la corderie - 13007 Marseille', '', '', '2018-01-31', '2018-02-02', 'Virement', 'FA-1801-0022', 1, 400.00, 360.00, 1),
(21, 10, 'Intervention sur site', 'christophe.dreyfuss@pbifrance.com', '350 avenue de Londres, Parc d''Activités - 83870 SIGNES', '', '', '2018-01-31', '2018-04-06', 'Virement', 'FA-1801-0023', 1, 2260.50, 2034.45, 1),
(22, 3, 'Refonte Home page', 'marina.baio@frojo.com', '17 RUE GRIGNAN - 13006 Marseille', '', '', '2018-01-31', '2018-02-19', 'Virement', 'FA-1801-0024', 1, 3815.00, 3433.50, 1),
(23, 11, 'Campagne référencement', 'batiboat@hotmail.fr', '161 ROUTE LEON LACHAMP - 13009 Marseille', '', '', '2018-01-31', '2018-05-10', 'Virement', 'FA-1801-0025', 1, 459.00, 413.10, 1),
(24, 1, 'Gestion RS', 'Lionel.zanna@gmail.com', '5 RUE PISANCON - 13001 Marseille', '', '', '2018-01-31', '2018-03-06', 'Virement', 'FA-1801-0026', 1, 6053.50, 5448.15, 1),
(25, 3, 'Gestion RS', 'marina.baio@frojo.com', '17 RUE GRIGNAN - 13006 Marseille', '', '', '2018-01-31', '2018-02-19', 'Virement', 'FA-1801-0027', 1, 1009.58, 908.62, 1),
(26, 8, 'Gestion RS', 'c-keusseyan@paindesucre.com', '503 rue Saint Pierre - 13012 Marseille', '', '', '2018-01-31', '2018-01-31', 'Virement', 'FA-1801-0028', 1, 2747.27, 2472.54, 1),
(27, 35, 'Newsletter webinar', 'damien.giordano@logic-immo.com', '1330, Avenue de La Lauzière - 13290 Aix en Provence', '', '', '2018-02-05', '2018-03-12', 'Virement', 'FA-1802-0001', 1, 180.00, 162.00, 1),
(28, 45, 'Acompte de 30% sur développement', 'pierre@icicommencelaventure.com', 'Villa Eglantine Carraire - 13790 Rousset', '', '', '2018-02-05', '2018-02-13', 'Virement', 'FA-1802-0002', 1, 600.00, 540.00, 1),
(29, 20, 'Solde sur logiciel', 'aremplir@gmail.com', '9 AVENUE DE SAINT ANTOINE - 13015 Marseille', '', '', '2018-02-08', '2018-07-13', 'Virement', 'FA-1802-0003', 1, 1125.00, 1012.50, 1),
(30, 22, 'Second acompte de 30% sur développement', 'moore.e@orange.fr', '8 RUE SAINT SAENS - 13001 Marseille', '', '', '2018-02-09', NULL, NULL, 'FA-1802-0004', 1, 1455.00, 1309.50, 0),
(31, 46, 'Acompte de 30% sur développement', 'karine@0-105.com', '3 rue Roux Brignoles - 13006 Marseille', '', '', '2018-02-13', '2018-02-13', 'Virement', 'FA-1802-0005', 1, 1620.00, 1458.00, 1),
(32, 47, 'Acompte de 50% sur refonte', 'contact@ecologisprotect84.fr', '505 Chemin du bac de Bompas  - 84270 Vedène', '', '', '2018-02-14', '2018-02-19', 'Virement', 'FA-1802-0006', 1, 375.00, 337.50, 1),
(33, 27, '5ème mensualité sur 12', 'contact@aqualink-international.com', '4 Quai d''arenc - 13002 Marseille', '04 88 91 85 99', '', '2018-02-19', '2018-03-27', 'Virement', 'FA-1802-0008', 1, 900.00, 810.00, 1),
(34, 38, 'Solde sur le développement', 'rbenjamin@immobvi.fr', '25 avenue jules Cantini - 13006 Marseille', '', '', '2018-02-19', '2018-02-22', 'Virement', 'FA-1802-0009', 1, 760.00, 684.00, 1),
(35, 25, 'Référencement Février', 'mendossa1@gmail.com', '90 boulevard rabateau - 13008 Marseille', '', '', '2018-02-22', '2018-03-27', 'Virement', 'FA-1802-0011', 1, 249.00, 224.10, 1),
(36, 19, '3ème acompte sur développement du site', 'renaud1967@gmail.com', '30 COURS HONORE D ESTIENNE D ORVES - 13001 Marseille', '', '', '2018-02-22', '2018-05-16', 'Virement', 'FA-1802-0012', 1, 1778.00, 1600.20, 1),
(37, 48, 'Cahier des charges pour la marque JUST CASHMERE', 'e.amart@isportfashion.com', '29 bd gay lussac - 13014 Marseille', '', '', '2018-02-22', '2018-04-06', 'Virement', 'FA-1802-0010', 1, 300.00, 270.00, 1),
(38, 6, '1er acompte sur le développement du site', 'charles.chetrit@wanadoo.fr', '19 avenue Paul Héroult, ZI de la Delorme - 13015 Marseille', '', '', '2018-02-23', '2018-03-19', 'Virement', 'FA-1802-0013', 1, 2000.00, 1800.00, 1),
(39, 16, 'Revenge - DMX', 'marie.pierre.audin@reebok.com', 'division Reebok Comptabilité fournisseurs, B.P. 80067 - 67702 SAVERNE CEDEX', '', '', '2018-02-27', '2018-02-27', 'Virement', 'FA-1802-0014', 1, 5000.00, 4500.00, 1),
(40, 31, '2ème acompte de 30% sur le développement du site', 'contact@sud-rea.fr', 'Parc Citérama Avenue de Napollon - 13400 Aubagne', '', '', '2018-02-28', '2018-03-12', 'Virement', 'FA-1802-0015', 1, 459.00, 413.10, 1),
(41, 33, 'Développement gaitasun', 'philippe.vincent@lightcomm.org', '68 boulevard de la corderie - 13007 Marseille', '', '', '2018-02-28', '2018-07-23', 'Virement', 'FA-1802-0016', 1, 1000.00, 900.00, 1),
(42, 3, 'RS + Rétrocession', 'marina.baio@frojo.com', '17 RUE GRIGNAN - 13006 Marseille', '', '', '2018-02-28', '2018-03-20', 'Virement', 'FA-1802-0017', 1, 1183.54, 1065.19, 1),
(43, 1, 'RS + Newsletter saint valentin + maintenance', 'Lionel.zanna@gmail.com', '5 RUE PISANCON - 13001 Marseille', '', '', '2018-02-28', '2018-05-30', 'Virement', 'FA-1802-0018', 1, 5939.00, 5345.10, 1),
(44, 8, 'RS + Influenceur', 'c-keusseyan@paindesucre.com', '503 rue Saint Pierre - 13012 Marseille', '', '', '2018-02-28', '2018-05-30', 'Virement', 'FA-1802-0019', 1, 2732.06, 2458.85, 1),
(45, 49, 'Développement du site Les balcons du Baou', 'aremplir@gmail.com', '64 Avenue d''Haifa, Hermes Park - 13008 Marseille', '', '07 77 26 31 40', '2018-03-02', '2018-05-16', 'Virement', 'FA-1803-0001', 1, 1000.00, 900.00, 1),
(46, 24, 'Hébergement annuel', 'president@fneds.fr', '54 rue Jean Baptiste Pigalle - 75009 PARIS', '', '', '2018-03-05', '2018-03-06', 'Virement', 'FA-1803-0002', 1, 200.00, 180.00, 1),
(47, 33, 'Solde de 70% sur le développement du site MEDEF', 'philippe.vincent@lightcomm.org', '68 boulevard de la corderie - 13007 Marseille', '', '', '2018-03-06', '2018-04-26', 'Virement', 'FA-1803-0003', 1, 1190.00, 1071.00, 1),
(48, 50, 'Rédaction du CDC', 'contact@nikkisushi.com', '135 avenue Fortune Ferrini - 13090 Aix en provence', '', '', '2018-03-06', '2018-03-06', 'Virement', 'FA-1803-0004', 1, 3500.00, 3150.00, 1),
(49, 34, 'Solde sur version anglaise du site', 'jan.rouze@gmail.com', '21 boulevard de tunis - 13008 Marseille', '', '', '2018-03-07', '2018-03-27', 'Virement', 'FA-1803-0005', 1, 511.00, 459.90, 1),
(50, 16, 'Création Contenu Spri Noir', 'marie.pierre.audin@reebok.com', 'division Reebok Comptabilité fournisseurs, B.P. 80067 - 67702 SAVERNE CEDEX', '', '', '2018-03-08', '2018-03-27', 'Virement', 'FA-1803-0006', 1, 4800.00, 4320.00, 1),
(51, 51, 'Campagne achat média', 'help@teddyblake.com', '16 East 34th Street - 10016 New York NY', '', '', '2018-03-09', '2018-03-13', 'Virement', 'FA-1803-0007', 0, 2990.00, 2691.00, 1),
(52, 13, '1er acompte de 30% sur le développement du site', 'contact@evenementsud.fr', '21 Avenue Pauliani - 06000 Nice', '', '', '2018-03-13', '2018-03-20', 'Virement', 'FA-1803-0009', 1, 630.00, 567.00, 1),
(53, 53, '1er acompte de 30% sur le développement du site', 'aremplir@gmail.com', '338 Avenue de mazargues - 13008 Marseille', '', '04 91 79 67 05', '2018-03-13', NULL, NULL, 'FA-1803-0010', 1, 1066.66, 959.99, 0),
(54, 1, 'Impression Black Friday', 'Lionel.zanna@gmail.com', '5 RUE PISANCON - 13001 Marseille', '', '', '2018-03-13', '2018-07-23', 'Virement', 'FA-1803-0011', 1, 220.00, 198.00, 1),
(55, 45, '2ème acompte sur le développement du site', 'pierre@icicommencelaventure.com', 'Villa Eglantine Carraire - 13790 Rousset', '', '', '2018-03-13', '2018-03-15', 'Virement', 'FA-1803-0012', 1, 600.00, 540.00, 1),
(56, 27, '6ème mensualité sur 12', 'contact@aqualink-international.com', '4 Quai d''arenc - 13002 Marseille', '04 88 91 85 99', '', '2018-03-19', '2018-05-30', 'Virement', 'FA-1803-0013', 1, 900.00, 810.00, 1),
(57, 54, '1er acompte de 30% sur le développement du site', 'aremplir@gmail.com', '2 Traverse des massaliottes - 13012 Marseille', '', '07 53 11 73 88', '2018-03-20', '2018-03-28', 'Virement', 'FA-1803-0014', 1, 898.20, 808.38, 1),
(58, 55, '1er acompte de 30% sur le développement du site', 'contact@boulangerie-ange.fr', '18 Rondes des Florins  - 13800 Istres', '', '', '2018-03-22', '2018-04-20', 'Virement', 'FA-1803-0015', 1, 3930.00, 3537.00, 1),
(59, 56, '1er acompte de 30% sur le développement du site', 'contact@prosecur.com', '10 Avenue De L’entreprise, Campus Saint Christophe - 95800 Cergy', '', '', '2018-03-27', '2018-03-30', 'Virement', 'FA-1803-0016', 1, 1080.00, 972.00, 1),
(60, 19, '4ème acompte sur 5', 'renaud1967@gmail.com', '30 COURS HONORE D ESTIENNE D ORVES - 13001 Marseille', '', '', '2018-03-28', '2018-05-16', 'Virement', 'FA-1803-0017', 1, 1778.00, 1600.20, 1),
(61, 57, 'Audit du site', 'info@hubbastille.com', '2 rue du fbg st antoine - 75012 Paris', '01 43 44 25 95', '', '2018-03-28', '2018-05-29', 'Virement', 'FA-1803-0018', 1, 750.00, 675.00, 1),
(62, 25, 'Référencement mois de mars', 'mendossa1@gmail.com', '90 boulevard rabateau - 13008 Marseille', '', '', '2018-03-28', '2018-04-20', 'Virement', 'FA-1803-0019', 1, 249.00, 224.10, 1),
(63, 34, 'Optimisation du référencement', 'jan.rouze@gmail.com', '21 boulevard de tunis - 13008 Marseille', '', '', '2018-03-28', '2018-04-27', 'Virement', 'FA-1803-0020', 1, 250.00, 225.00, 1),
(64, 1, 'Presta ooworx', 'Lionel.zanna@gmail.com', '5 RUE PISANCON - 13001 Marseille', '', '', '2018-03-28', '2018-07-23', 'Virement', 'FA-1803-0021', 1, 790.00, 711.00, 1),
(65, 58, 'Audit du site', 'info@www.starcowparis.com', '64 rue saint honoré - 75001 Paris', '', '', '2018-03-30', '2018-04-06', 'Virement', 'FA-1803-0023', 1, 750.00, 675.00, 1),
(66, 1, 'RS + news resto du cœur', 'Lionel.zanna@gmail.com', '5 RUE PISANCON - 13001 Marseille', '', '', '2018-03-30', '2018-05-30', 'Virement', 'FA-1803-0024', 1, 5339.00, 4805.10, 1),
(67, 3, 'RS ', 'marina.baio@frojo.com', '17 RUE GRIGNAN - 13006 Marseille', '', '', '2018-03-30', '2018-05-30', 'Virement', 'FA-1803-0025', 1, 1020.63, 918.57, 1),
(68, 47, 'Solde sur développement du nouveau site', 'contact@ecologisprotect84.fr', '505 Chemin du bac de Bompas  - 84270 Vedène', '', '', '2018-04-03', '2018-07-13', 'Virement', 'FA-1804-0001', 1, 375.00, 337.50, 1),
(69, 27, '7ème mensualté dur 12', 'contact@aqualink-international.com', '4 Quai d''arenc - 13002 Marseille', '04 88 91 85 99', '', '2018-04-12', '2018-05-31', 'Virement', 'FA-1804-0002', 1, 900.00, 810.00, 1),
(70, 16, 'Arkyn', 'marie.pierre.audin@reebok.com', 'division Reebok Comptabilité fournisseurs, B.P. 80067 - 67702 SAVERNE CEDEX', '', '', '2018-04-17', '2018-04-27', 'Virement', 'FA-1804-0004', 1, 3000.00, 2700.00, 1),
(71, 32, 'Solde sur site', 'alexis.paget@progereal.com', '64 Avenue d''Haifa, Hermes Park Bt B - 13008 Marseille', '', '', '2018-04-17', '2018-11-07', 'Chèque', 'FA-1804-0005', 1, 1872.00, 1684.80, 1),
(72, 42, 'Shooting IYU', 'serviceclient@Iyu.fr', '68 A Rue Sainte - 13001 Marseille', '', '', '2018-04-17', '2018-07-23', 'Virement', 'FA-1804-0006', 1, 2800.00, 2520.00, 1),
(73, 58, 'Acompte de 30% Optimisation site et hébergement', 'info@www.starcowparis.com', '64 rue saint honoré - 75001 Paris', '', '', '2018-04-18', '2018-07-20', 'Virement', 'FA-1804-0008', 1, 1950.00, 1755.00, 1),
(74, 1, 'Création de contenu Puma', 'Lionel.zanna@gmail.com', '5 RUE PISANCON - 13001 Marseille', '', '', '2018-04-23', '2018-05-16', 'Virement', 'FA-1804-0009', 1, 1850.00, 1665.00, 1),
(75, 3, 'Envoi Newsletter Breitling / Gestion E-shop et MAJ de contenus / Forfait mensuel / Conception et développement des pages e-shop ', 'marina.baio@frojo.com', '17 RUE GRIGNAN - 13006 Marseille', '', '', '2018-04-26', '2020-04-26', 'Virement', 'FA-1804-0010', 1, 3575.00, 3217.50, 1),
(76, 13, '2nd acompte sur le développement du site', 'contact@evenementsud.fr', '21 Avenue Pauliani - 06000 Nice', '', '', '2018-04-26', '2018-04-30', 'Virement', 'FA-1804-0011', 1, 630.00, 567.00, 1),
(77, 56, '2ème acompte sur le dévelopement du site', 'contact@prosecur.com', '10 Avenue De L’entreprise, Campus Saint Christophe - 95800 Cergy', '', '', '2018-04-26', '2018-04-30', 'Virement', 'FA-1804-0012', 1, 1080.00, 972.00, 1),
(78, 32, 'Développement du site Promoreal', 'alexis.paget@progereal.com', '64 Avenue d''Haifa, Hermes Park Bt B - 13008 Marseille', '', '', '2018-04-26', '2018-05-29', 'Virement', 'FA-1804-0013', 1, 1900.00, 1710.00, 1),
(79, 1, 'Remplacement de la vitre ', 'Lionel.zanna@gmail.com', '5 RUE PISANCON - 13001 Marseille', '', '', '2018-04-26', '2018-05-30', 'Indéfini', 'FA-1804-0014', 1, 49.00, 44.10, 1),
(80, 19, 'Solde sur le développement du site', 'renaud1967@gmail.com', '30 COURS HONORE D ESTIENNE D ORVES - 13001 Marseille', '', '', '2018-04-27', '2019-03-18', 'Chèque', 'FA-1804-0015', 1, 1778.00, 1422.40, 1),
(81, 44, '2ème acompte sur le développement du site', 'info@edenlemanconsulting.ch', 'Rue Dr Alfred Vincent 8 - 1201 Genève', '', '', '2018-04-27', '2018-05-24', 'Virement', 'FA-1804-0016', 1, 1053.00, 947.70, 1),
(82, 60, '1er acompte sur le développement du site', 'aremplir@gmail.com', '17 rue de la taillerie - 62000 ARRAS', '', '', '2018-04-27', '2018-06-16', 'Virement', 'FA-1804-0017', 1, 8230.50, 7407.45, 1),
(83, 25, 'Référencement du mois d''avril', 'mendossa1@gmail.com', '90 boulevard rabateau - 13008 Marseille', '', '', '2018-04-30', '2018-05-24', 'Virement', 'FA-1804-0018', 1, 249.00, 224.10, 1),
(84, 58, 'Solde sur intervention site + hébergement', 'info@www.starcowparis.com', '64 rue saint honoré - 75001 Paris', '', '', '2018-04-30', '2018-07-04', 'Virement', 'FA-1804-0019', 1, 3220.00, 2898.00, 1),
(85, 29, 'Augmentation capacité boite mail', 'contact@agencemg.fr', '306 rue Paradis - 13008 Marseille', '04 91 82 63 46', '', '2018-04-30', '2018-07-02', 'Virement', 'FA-1804-0020', 1, 90.00, 81.00, 1),
(86, 1, 'RS mois d''avril', 'Lionel.zanna@gmail.com', '5 RUE PISANCON - 13001 Marseille', '', '', '2018-04-30', '2018-05-30', 'Virement', 'FA-1804-0021', 1, 5339.00, 4805.10, 1),
(87, 45, '3ème acompte sur le développement du site', 'pierre@icicommencelaventure.com', 'Villa Eglantine Carraire - 13790 Rousset', '', '', '2018-05-11', '2018-05-20', 'Virement', 'FA-1805-0001', 1, 600.00, 540.00, 1),
(88, 19, 'Shooting (12/04, 13/04, 19/04 et 09/05)', 'renaud1967@gmail.com', '30 COURS HONORE D ESTIENNE D ORVES - 13001 Marseille', '', '', '2018-05-11', '2018-11-21', 'Chèque', 'FA-1805-0002', 1, 1200.00, 954.00, 1),
(89, 54, '2ème acompte sur le développement du site', 'aremplir@gmail.com', '2 Traverse des massaliottes - 13012 Marseille', '', '', '2018-05-11', '2018-05-22', 'Virement', 'FA-1805-0003', 1, 898.20, 808.38, 1),
(90, 47, 'Shooting Equipe', 'contact@ecologisprotect84.fr', '505 Chemin du bac de Bompas  - 84270 Vedène', '', '', '2018-05-11', '2018-07-10', 'Virement', 'FA-1805-0004', 1, 240.00, 216.00, 1),
(91, 27, '8ème mensualité sur 12', 'contact@aqualink-international.com', '4 Quai d''arenc - 13002 Marseille', '04 88 91 85 99', '', '2018-05-16', '2018-07-09', 'Virement', 'FA-1805-0005', 1, 900.00, 810.00, 1),
(92, 1, 'Intervention TAG, hack site', 'Lionel.zanna@gmail.com', '5 RUE PISANCON - 13001 Marseille', '', '', '2018-05-16', '2018-07-23', 'Virement', 'FA-1805-0007', 1, 590.00, 531.00, 1),
(93, 16, 'Achat de paires Nizza', 'marie.pierre.audin@reebok.com', 'division Reebok Comptabilité fournisseurs, B.P. 80067 - 67702 SAVERNE CEDEX', '', '', '2018-05-21', '2018-05-31', 'Virement', 'FA-1805-0008', 1, 160.66, 144.59, 1),
(94, 16, 'Shooting Nizza SS18', 'marie.pierre.audin@reebok.com', 'division Reebok Comptabilité fournisseurs, B.P. 80067 - 67702 SAVERNE CEDEX', '', '', '2018-05-21', '2018-05-31', 'Virement', 'FA-1805-0009', 1, 3000.00, 2700.00, 1),
(95, 58, 'Paiement sécurisé et anti bots', 'info@www.starcowparis.com', '64 rue saint honoré - 75001 Paris', '', '', '2018-05-22', '2018-07-04', 'Virement', 'FA-1805-0010', 1, 730.00, 657.00, 1),
(96, 44, 'Ajout de formulaires', 'info@edenlemanconsulting.ch', 'Rue Dr Alfred Vincent 8 - 1201 Genève', '', '', '2018-05-22', '2018-05-22', 'Virement', 'FA-1805-0011', 1, 350.00, 315.00, 1),
(97, 38, 'Création de plaquette', 'rbenjamin@immobvi.fr', '25 avenue jules Cantini - 13006 Marseille', '', '', '2018-05-24', '2018-06-18', 'Virement', 'FA-1805-0012', 1, 250.00, 225.00, 1),
(98, 31, 'Solde sur développement du nouveau site', 'contact@sud-rea.fr', 'Parc Citérama Avenue de Napollon - 13400 Aubagne', '', '', '2018-05-24', '2018-06-14', 'Virement', 'FA-1805-0013', 1, 612.00, 550.80, 1),
(99, 1, 'Acompte de 30% sur intervention de site', 'Lionel.zanna@gmail.com', '5 RUE PISANCON - 13001 Marseille', '', '', '2018-05-25', '2018-07-23', 'Virement', 'FA-1805-0014', 1, 1260.00, 1134.00, 1),
(100, 54, 'Solde sur le développement du site', 'aremplir@gmail.com', '2 Traverse des massaliottes - 13012 Marseille', '', '', '2018-05-30', NULL, NULL, 'FA-1805-0015', 1, 1197.60, 1077.84, 0),
(101, 42, 'Solde sur le développement du site', 'serviceclient@Iyu.fr', '68 A Rue Sainte - 13001 Marseille', '', '', '2018-05-30', '2018-07-23', 'Virement', 'FA-1805-0016', 1, 1360.00, 1224.00, 1),
(102, 11, 'Solde sur créa et impression ', 'batiboat@hotmail.fr', '161 ROUTE LEON LACHAMP - 13009 Marseille', '', '', '2018-05-30', '2018-06-05', 'Virement', 'FA-1805-0018', 1, 430.00, 387.00, 1),
(103, 1, 'Gestion RS', 'Lionel.zanna@gmail.com', '5 RUE PISANCON - 13001 Marseille', '', '', '2018-05-30', '2018-07-23', 'Virement', 'FA-1805-0019', 1, 5254.00, 4728.60, 1),
(104, 19, 'Shooting', 'renaud1967@gmail.com', '30 COURS HONORE D ESTIENNE D ORVES - 13001 Marseille', '', '', '2018-05-31', '2018-09-25', 'Virement', 'FA-1805-0021', 1, 300.00, 270.00, 1),
(105, 3, 'Gestion E-shop et MAJ de contenus / Forfait mensuel', 'marina.baio@frojo.com', '17 RUE GRIGNAN - 13006 Marseille', '', '', '2018-05-31', '2018-05-31', 'Indéfini', 'FA-1805-0022', 1, 960.00, 864.00, 1),
(106, 13, 'Solde sur le développement du site', 'contact@evenementsud.fr', '21 Avenue Pauliani - 06000 Nice', '', '', '2018-06-01', '2018-09-25', 'Virement', 'FA-1806-0002', 1, 840.00, 756.00, 1),
(107, 62, '1er acompte sur le développement de votre site', 'contact@plum-deco.com', '49 rue montaigne - 13012 Marseille', '', '', '2018-06-07', '2018-06-14', 'Virement', 'FA-1806-0003', 1, 1251.00, 1125.90, 1),
(108, 63, '1er acompte sur le développement de site', 'kevin.garcia@egbti.com', '13 AV DU 19 MARS 1962 - 13390 AURIOL', '', '', '2018-06-11', '2018-06-27', 'Virement', 'FA-1806-0004', 1, 420.00, 378.00, 1),
(109, 46, 'Module prestashop', 'karine@0-105.com', '3 rue Roux Brignoles - 13006 Marseille', '', '', '2018-06-11', '2018-06-18', 'Virement', 'FA-1806-0005', 1, 630.00, 567.00, 1),
(110, 46, '2ème acompte sur le développement du site', 'karine@0-105.com', '3 rue Roux Brignoles - 13006 Marseille', '', '', '2018-06-12', '2018-06-18', 'Virement', 'FA-1806-0006', 1, 1620.00, 1458.00, 1),
(111, 25, 'Référencement du mois de mai', 'mendossa1@gmail.com', '90 boulevard rabateau - 13008 Marseille', '', '', '2018-06-13', '2018-08-27', 'Virement', 'FA-1806-0007', 1, 249.00, 224.10, 1),
(112, 25, 'Référencement du mois de juin', 'mendossa1@gmail.com', '90 boulevard rabateau - 13008 Marseille', '', '', '2018-08-07', '2018-08-27', 'Virement', 'FA-1806-0008', 1, 249.00, 224.10, 1),
(113, 16, 'Créa de contenu Parley', 'marie.pierre.audin@reebok.com', 'division Reebok Comptabilité fournisseurs, B.P. 80067 - 67702 SAVERNE CEDEX', '', '', '2018-06-13', '2018-06-22', 'Virement', 'FA-1806-0009', 1, 3000.00, 2700.00, 1),
(114, 42, 'Installation module instagram Shopping / Installation Pixel des campagnes dynamiques Facebook / Budget publicitaire ', 'serviceclient@Iyu.fr', '68 A Rue Sainte - 13001 Marseille', '', '', '2018-06-20', '2018-07-23', 'Virement', 'FA-1806-0010', 1, 850.00, 765.00, 1),
(115, 10, 'Intervention sur site en mars', 'christophe.dreyfuss@pbifrance.com', '350 avenue de Londres, Parc d''Activités - 83870 SIGNES', '', '', '2018-06-22', '2018-07-23', 'Virement', 'FA-1806-0012', 1, 1600.00, 1440.00, 1),
(116, 27, '9ème mensualité sur 12', 'contact@aqualink-international.com', '4 Quai d''arenc - 13002 Marseille', '04 88 91 85 99', '', '2018-06-26', '2018-08-27', 'Virement', 'FA-1806-0013', 1, 900.00, 810.00, 1),
(117, 45, '4ème acompte sur site', 'pierre@icicommencelaventure.com', 'Villa Eglantine Carraire - 13790 Rousset', '', '', '2018-06-26', '2018-07-02', 'Virement', 'FA-1806-0014', 1, 600.00, 540.00, 1),
(118, 56, 'Facture de solde', 'contact@prosecur.com', '10 Avenue De L’entreprise, Campus Saint Christophe - 95800 Cergy', '', '', '2018-06-26', '2018-07-16', 'Virement', 'FA-1806-0015', 1, 1440.00, 1296.00, 1),
(119, 9, 'Hébergement annuel', 'david@homeinvest.fr', '33 allées Turcat Méry - 13008 Marseille', '', '', '2018-06-26', '2018-09-25', 'Virement', 'FA-1806-0016', 1, 200.00, 180.00, 1),
(120, 34, 'Hébergement annuel', 'jan.rouze@gmail.com', '21 boulevard de tunis - 13008 Marseille', '', '', '2018-06-26', '2018-09-25', 'Virement', 'FA-1806-0017', 1, 200.00, 180.00, 1),
(121, 58, 'Hébergement mensuel MAI et JUIN', 'info@www.starcowparis.com', '64 rue saint honoré - 75001 Paris', '', '', '2018-06-26', '2018-07-04', 'Virement', 'FA-1806-0018', 1, 1140.00, 1026.00, 1),
(122, 18, 'Hébergement annuel', 'gaelsempere@gmail.com', '242 Rue D''Endoume - 13007 Marseille', '', '', '2018-06-26', '2018-09-11', 'Virement', 'FA-1806-0019', 1, 200.00, 180.00, 1),
(123, 11, 'Impression panneaux', 'batiboat@hotmail.fr', '161 ROUTE LEON LACHAMP - 13009 Marseille', '', '', '2018-06-29', '2018-09-24', 'Virement', 'FA-1806-0020', 1, 170.00, 153.00, 1),
(124, 3, 'Gestion E-shop et MAJ de contenus / Forfait mensuel / Intégration et développement de la page PAMIGIANI / Newsletter VP', 'marina.baio@frojo.com', '17 RUE GRIGNAN - 13006 Marseille', '', '', '2018-06-29', '2018-11-21', 'Chèque', 'FA-1806-0021', 1, 1340.00, 1206.00, 1),
(125, 60, '2ème acompte sur le développement du site', 'aremplir@gmail.com', '17 rue de la taillerie - 62000 ARRAS', '', '', '2018-07-02', '2018-09-25', 'Virement', 'FA-1807-0001', 1, 6858.75, 6172.88, 1),
(126, 16, 'Sponsorisation Parley ', 'marie.pierre.audin@reebok.com', 'division Reebok Comptabilité fournisseurs, B.P. 80067 - 67702 SAVERNE CEDEX', '', '', '2018-07-09', '2018-07-23', 'Virement', 'FA-1807-0002', 1, 1300.00, 1170.00, 1),
(127, 35, 'Sponorisation RS', 'damien.giordano@logic-immo.com', '1330, Avenue de La Lauzière - 13290 Aix en Provence', '', '', '2018-07-09', '2018-08-01', 'Virement', 'FA-1807-0003', 1, 2640.00, 2376.00, 1),
(128, 1, 'Acompte de 30% sur installation serveur + 1er mois', 'Lionel.zanna@gmail.com', '5 RUE PISANCON - 13001 Marseille', '', '', '2018-07-09', '2018-07-11', 'Virement', 'FA-1807-0004', 1, 1865.00, 1678.50, 1),
(129, 62, 'Second acompte de 30% sur le développement du site', 'contact@plum-deco.com', '49 rue montaigne - 13012 Marseille', '', '', '2018-07-11', '2018-07-23', 'Virement', 'FA-1807-0005', 1, 1251.00, 1125.90, 1),
(130, 46, 'Solde sur développement du nouveau site', 'karine@0-105.com', '3 rue Roux Brignoles - 13006 Marseille', '', '', '2018-07-13', '2018-07-18', 'Virement', 'FA-1807-0006', 1, 760.00, 684.00, 1),
(131, 46, 'Intégration FW18', 'karine@0-105.com', '3 rue Roux Brignoles - 13006 Marseille', '', '', '2018-07-13', '2018-07-18', 'Virement', 'FA-1807-0007', 1, 300.00, 270.00, 1),
(132, 56, 'Hébergement', 'contact@prosecur.com', '10 Avenue De L’entreprise, Campus Saint Christophe - 95800 Cergy', '', '', '2018-07-16', '2018-07-16', 'Virement', 'FA-1807-0008', 1, 200.00, 180.00, 1),
(133, 46, 'Elle store', 'karine@0-105.com', '3 rue Roux Brignoles - 13006 Marseille', '', '', '2018-07-16', '2018-07-23', 'Virement', 'FA-1807-0009', 1, 140.00, 126.00, 1),
(134, 25, 'Référencement du mois de juilet', 'mendossa1@gmail.com', '90 boulevard rabateau - 13008 Marseille', '', '', '2018-07-18', '2018-07-23', 'Virement', 'FA-1807-0011', 1, 249.00, 224.10, 1),
(135, 27, '10ème mensualité sur 12', 'contact@aqualink-international.com', '4 Quai d''arenc - 13002 Marseille', '04 88 91 85 99', '', '2018-07-18', '2018-09-12', 'Virement', 'FA-1807-0012', 1, 900.00, 624.00, 1),
(136, 58, 'Hébergement mensuel', 'info@www.starcowparis.com', '64 rue saint honoré - 75001 Paris', '', '', '2018-07-18', '2018-11-26', 'Virement', 'FA-1807-0013', 1, 570.00, 513.00, 1),
(137, 1, 'Solde sur devis validé', 'Lionel.zanna@gmail.com', '5 RUE PISANCON - 13001 Marseille', '', '', '2018-07-25', '2018-10-10', 'Virement', 'FA-1807-0014', 1, 2940.00, 2646.00, 1),
(138, 1, 'Solde sur installation du serrveur', 'Lionel.zanna@gmail.com', '5 RUE PISANCON - 13001 Marseille', '', '', '2018-07-25', '2018-10-10', 'Virement', 'FA-1807-0015', 1, 1960.00, 1764.00, 1),
(139, 66, 'Développement du site', 'aremplir@gmail.com', '28 Boulevard Princesse Charlotte - 98000 Principauté de Monaco', '', '', '2018-07-27', '2018-08-29', 'Chèque', 'FA-1807-0016', 1, 3600.00, 3240.00, 1),
(140, 21, 'Déclinaison en anglais', 'remi.domenge@trans-cash.fr', 'ROUTE DES 4 SAISONS - 13190 ALLAUCH', '', '', '2018-07-27', '2018-09-25', 'Virement', 'FA-1807-0017', 1, 450.00, 405.00, 1),
(141, 3, 'Gestion E-shop et MAJ de contenus / Forfait mensuel', 'marina.baio@frojo.com', '17 RUE GRIGNAN - 13006 Marseille', '', '', '2018-07-27', '2018-08-29', 'Chèque', 'FA-1807-0018', 1, 960.00, 864.00, 1),
(142, 42, 'Shooting IYU', 'serviceclient@Iyu.fr', '68 A Rue Sainte - 13001 Marseille', '', '', '2018-07-30', '2018-08-30', 'Chèque', 'FA-1807-0019', 1, 3500.00, 3150.00, 1),
(143, 67, 'Création Brand Content', 'aremplir@gmail.com', '141 avenue de saint menet, Parc de la reynarde - 13011 Marseille', '', '', '2018-08-01', '2018-11-22', 'Virement', 'FA-1808-0001', 1, 1900.00, 1710.00, 1),
(144, 45, '5ème acompte sur site', 'pierre@icicommencelaventure.com', 'Villa Eglantine Carraire - 13790 Rousset', '', '', '2018-08-01', '2018-09-04', 'Virement', 'FA-1808-0002', 1, 600.00, 540.00, 1),
(145, 68, '1er acompte sur le développement du site', 'marseille@boisetchiffons.fr', '114 Traverse de la serviane - 13011 Marseille', '04 91 52 90 10', '', '2018-08-01', '2018-08-02', 'Virement', 'FA-1808-0003', 1, 3150.00, 2835.00, 1),
(146, 1, 'Shooting Juillet 2018 > 161 paires', 'Lionel.zanna@gmail.com', '5 RUE PISANCON - 13001 Marseille', '', '', '2018-08-01', '2018-08-03', 'Virement', 'FA-1808-0004', 1, 1932.00, 1738.80, 1),
(147, 63, 'Second acompte sur le développement de votre site', 'kevin.garcia@egbti.com', '13 AV DU 19 MARS 1962 - 13390 AURIOL', '', '', '2018-08-01', '2018-08-28', 'Virement', 'FA-1808-0005', 1, 420.00, 378.00, 1),
(148, 25, 'Référencement du mois de juin', 'mendossa1@gmail.com', '90 boulevard rabateau - 13008 Marseille', '', '', '2018-08-01', '2018-08-29', 'Virement', 'FA-1808-0006', 1, 249.00, 198.10, 1),
(149, 3, '-', 'marina.baio@frojo.com', '17 RUE GRIGNAN - 13006 Marseille', '', '', '2017-01-31', '2017-01-31', 'Virement', 'FA-1701-0001', 1, 255.00, 229.50, 1),
(150, 3, '-', 'marina.baio@frojo.com', '17 RUE GRIGNAN - 13006 Marseille', '', '', '2017-01-31', '2017-01-31', 'Virement', 'FA-1701-0002', 1, 939.15, 845.24, 1),
(151, 1, '-', 'Lionel.zanna@gmail.com', '5 RUE PISANCON - 13001 Marseille', '', '', '2017-01-31', '2017-01-31', 'Virement', 'FA-1701-0003', 1, 3075.00, 2767.50, 1),
(152, 6, '-', 'charles.chetrit@wanadoo.fr', '19 avenue Paul Héroult, ZI de la Delorme - 13015 Marseille', '', '', '2017-01-31', '2017-01-31', 'Virement', 'FA-1701-0004', 1, 450.00, 405.00, 1),
(153, 7, '-', 'fameswag@icloud.com', '28 rue de Rome, Enseigne FAME - 13001 Marseille', '', '', '2017-01-31', '2017-07-18', 'Virement', 'FA-1701-0005', 1, 787.50, 708.75, 1),
(154, 3, '-', 'marina.baio@frojo.com', '17 RUE GRIGNAN - 13006 Marseille', '', '', '2017-01-31', '2017-07-17', 'Indéfini', 'FA-1701-0006', 1, 450.00, 405.00, 1),
(155, 6, '-', 'charles.chetrit@wanadoo.fr', '19 avenue Paul Héroult, ZI de la Delorme - 13015 Marseille', '', '', '2017-02-28', '2017-02-28', 'Virement', 'FA-1702-0001', 1, 1350.00, 1215.00, 1),
(156, 7, '-', 'fameswag@icloud.com', '28 rue de Rome, Enseigne FAME - 13001 Marseille', '', '', '2017-02-28', '2017-03-30', 'Virement', 'FA-1702-0002', 1, 1350.00, 1215.00, 1),
(157, 7, '-', 'fameswag@icloud.com', '28 rue de Rome, Enseigne FAME - 13001 Marseille', '', '', '2017-02-28', '2017-07-18', 'Virement', 'FA-1702-0003', 1, 800.00, 720.00, 1),
(158, 1, '-', 'Lionel.zanna@gmail.com', '5 RUE PISANCON - 13001 Marseille', '', '', '2017-02-28', '2017-02-28', 'Virement', 'FA-1702-0004', 1, 2700.00, 2430.00, 1),
(159, 8, '-', 'c-keusseyan@paindesucre.com', '503 rue Saint Pierre - 13012 Marseille', '', '', '2017-02-28', '2017-02-28', 'Virement', 'FA-1702-0005', 1, 2191.50, 1972.35, 1),
(160, 3, '-', 'marina.baio@frojo.com', '17 RUE GRIGNAN - 13006 Marseille', '', '', '2017-02-28', '2017-07-17', 'Virement', 'FA-1702-0006', 1, 170.00, 153.00, 1),
(161, 3, '-', 'marina.baio@frojo.com', '17 RUE GRIGNAN - 13006 Marseille', '', '', '2017-02-28', '2017-07-17', 'Virement', 'FA-1702-0007', 1, 906.88, 816.19, 1),
(162, 3, '-', 'marina.baio@frojo.com', '17 RUE GRIGNAN - 13006 Marseille', '', '', '2017-02-28', '2017-07-17', 'Virement', 'FA-1702-0008', 1, 450.00, 405.00, 1),
(163, 9, '-', 'david@homeinvest.fr', '33 allées Turcat Méry - 13008 Marseille', '', '', '2017-03-31', '2017-03-31', 'Virement', 'FA-1703-0001', 1, 280.00, 252.00, 1),
(164, 1, '-', 'Lionel.zanna@gmail.com', '5 RUE PISANCON - 13001 Marseille', '', '', '2017-03-31', '2017-03-31', 'Virement', 'FA-1703-0002', 1, 350.00, 315.00, 1),
(165, 6, '-', 'charles.chetrit@wanadoo.fr', '19 avenue Paul Héroult, ZI de la Delorme - 13015 Marseille', '', '', '2017-03-31', '2017-03-31', 'Virement', 'FA-1703-0003', 1, 1518.75, 1366.88, 1),
(166, 7, '-', 'fameswag@icloud.com', '28 rue de Rome, Enseigne FAME - 13001 Marseille', '', '', '2017-03-31', '2017-03-31', 'Virement', 'FA-1703-0004', 1, 1290.94, 1161.85, 1),
(167, 8, '-', 'c-keusseyan@paindesucre.com', '503 rue Saint Pierre - 13012 Marseille', '', '', '2017-03-31', '2017-03-31', 'Virement', 'FA-1703-0005', 1, 2596.50, 2336.85, 1),
(168, 1, '-', 'Lionel.zanna@gmail.com', '5 RUE PISANCON - 13001 Marseille', '', '', '2017-03-31', '2017-03-31', 'Virement', 'FA-1703-0006', 1, 2870.00, 2583.00, 1),
(169, 3, '-', 'marina.baio@frojo.com', '17 RUE GRIGNAN - 13006 Marseille', '', '', '2017-03-31', '2017-03-31', 'Virement', 'FA-1703-0007', 1, 85.00, 76.50, 1),
(170, 3, '-', 'marina.baio@frojo.com', '17 RUE GRIGNAN - 13006 Marseille', '', '', '2017-03-31', '2017-03-31', 'Virement', 'FA-1703-0008', 1, 895.00, 805.50, 1),
(171, 3, '-', 'marina.baio@frojo.com', '17 RUE GRIGNAN - 13006 Marseille', '', '', '2017-03-31', '2017-03-31', 'Virement', 'FA-1703-0009', 1, 450.00, 405.00, 1),
(172, 1, '-', 'Lionel.zanna@gmail.com', '5 RUE PISANCON - 13001 Marseille', '', '', '2017-04-30', '2017-04-30', 'Virement', 'FA-1704-0001', 1, 3468.00, 3121.20, 1),
(173, 1, '-', 'Lionel.zanna@gmail.com', '5 RUE PISANCON - 13001 Marseille', '', '', '2017-04-30', '2017-04-30', 'Virement', 'FA-1704-0002', 1, 3940.00, 3546.00, 1),
(174, 3, '-', 'marina.baio@frojo.com', '17 RUE GRIGNAN - 13006 Marseille', '', '', '2017-04-30', '2017-04-30', 'Virement', 'FA-1704-0003', 1, 85.00, 76.50, 1),
(175, 3, '-', 'marina.baio@frojo.com', '17 RUE GRIGNAN - 13006 Marseille', '', '', '2017-04-30', '2017-04-30', 'Virement', 'FA-1704-0004', 1, 940.21, 846.19, 1),
(176, 6, '-', 'charles.chetrit@wanadoo.fr', '19 avenue Paul Héroult, ZI de la Delorme - 13015 Marseille', '', '', '2017-04-30', '2017-07-17', 'Virement', 'FA-1704-0005', 1, 1080.00, 972.00, 1),
(177, 7, '-', 'fameswag@icloud.com', '28 rue de Rome, Enseigne FAME - 13001 Marseille', '', '', '2017-04-30', '2017-04-30', 'Virement', 'FA-1704-0006', 1, 1080.00, 972.00, 1),
(178, 8, '-', 'c-keusseyan@paindesucre.com', '503 rue Saint Pierre - 13012 Marseille', '', '', '2017-04-30', '2017-04-30', 'Virement', 'FA-1704-0007', 1, 2151.00, 1935.90, 1),
(179, 1, '-', 'Lionel.zanna@gmail.com', '5 RUE PISANCON - 13001 Marseille', '', '', '2017-04-30', '2017-04-30', 'Virement', 'FA-1704-0008', 1, 980.00, 882.00, 1),
(180, 1, '-', 'Lionel.zanna@gmail.com', '5 RUE PISANCON - 13001 Marseille', '', '', '2017-05-31', '2018-07-03', 'Virement', 'FA-1705-0001', 1, 3553.00, 3197.70, 1),
(181, 3, '-', 'marina.baio@frojo.com', '17 RUE GRIGNAN - 13006 Marseille', '', '', '2017-05-31', '2017-07-17', 'Virement', 'FA-1705-0002', 1, 1284.38, 1155.94, 1),
(182, 8, '-', 'c-keusseyan@paindesucre.com', '503 rue Saint Pierre - 13012 Marseille', '', '', '2017-05-31', '2017-07-18', 'Virement', 'FA-1705-0003', 1, 2394.00, 2154.60, 1),
(183, 3, '-', 'marina.baio@frojo.com', '17 RUE GRIGNAN - 13006 Marseille', '', '', '2017-05-31', '2017-07-17', 'Virement', 'FA-1705-0004', 1, 85.00, 76.50, 1),
(184, 10, '-', 'christophe.dreyfuss@pbifrance.com', '350 avenue de Londres, Parc d''Activités - 83870 SIGNES', '', '', '2017-05-31', '2017-07-05', 'Virement', 'FA-1705-0005', 1, 3000.00, 2700.00, 1),
(185, 11, '-', 'batiboat@hotmail.fr', '161 ROUTE LEON LACHAMP - 13009 Marseille', '', '', '2017-05-31', '2017-07-18', 'Virement', 'FA-1705-0006', 1, 682.50, 614.25, 1),
(186, 12, '-', 'procogest@wanadoo.fr', '15 Rue Beauvau - 13011 Marseille', '', '', '2017-06-26', '2017-08-30', 'Virement', 'FA-1706-0001', 1, 1700.00, 1530.00, 1),
(187, 15, '-', 'vgarzetti@sextant.fr', '531 AVENUE DU PRADO - 13008 Marseille', '', '', '2017-06-26', '2017-07-05', 'Virement', 'FA-1706-0002', 1, 550.00, 495.00, 1),
(188, 14, '-', 'aremplir@gmail.com', '292 AVENUE DU PRADO, VILLA CECILIA - 13008 Marseille', '', '', '2017-06-27', '2017-07-01', 'Virement', 'FA-1706-0003', 1, 843.75, 759.38, 1),
(189, 7, '-', 'fameswag@icloud.com', '28 rue de Rome, Enseigne FAME - 13001 Marseille', '', '', '2017-06-27', '2018-11-29', 'Indéfini', 'FA-1706-0004', 1, 759.38, 683.44, 1),
(190, 7, '-', 'fameswag@icloud.com', '28 rue de Rome, Enseigne FAME - 13001 Marseille', '', '', '2017-06-27', '2018-11-29', 'Indéfini', 'FA-1706-0005', 1, 405.00, 364.50, 1),
(191, 7, '-', 'fameswag@icloud.com', '28 rue de Rome, Enseigne FAME - 13001 Marseille', '', '', '2017-06-27', '2017-06-27', 'Virement', 'FA-1706-0006', 1, 2370.94, 2133.85, 1),
(192, 16, '-', 'marie.pierre.audin@reebok.com', 'division Reebok Comptabilité fournisseurs, B.P. 80067 - 67702 SAVERNE CEDEX', '', '', '2017-06-27', '2018-07-27', 'Virement', 'FA-1706-0007', 1, 1700.00, 1530.00, 1),
(193, 1, '-', 'Lionel.zanna@gmail.com', '5 RUE PISANCON - 13001 Marseille', '', '', '2017-06-30', '2018-07-28', 'Virement', 'FA-1706-0008', 1, 3553.00, 3197.70, 1),
(194, 3, '-', 'marina.baio@frojo.com', '17 RUE GRIGNAN - 13006 Marseille', '', '', '2017-06-30', '2017-09-21', 'Indéfini', 'FA-1706-0009', 1, 1017.29, 915.56, 1),
(195, 8, '-', 'c-keusseyan@paindesucre.com', '503 rue Saint Pierre - 13012 Marseille', '', '', '2017-06-30', '2017-08-08', 'Virement', 'FA-1706-0010', 1, 2529.00, 2276.10, 1),
(196, 15, '-', 'vgarzetti@sextant.fr', '531 AVENUE DU PRADO - 13008 Marseille', '', '', '2017-07-04', '2017-08-10', 'Virement', 'FA-1707-0001', 1, 1045.00, 940.50, 1),
(197, 17, '-', 'michaelattali@hotmail.fr', 'Route de napollon - 13400 AUBAGNE', '', '', '2017-07-07', '2017-12-12', 'Virement', 'FA-1707-0002', 1, 510.00, 459.00, 1),
(198, 9, '-', 'david@homeinvest.fr', '33 allées Turcat Méry - 13008 Marseille', '', '', '2017-07-11', '2017-09-02', 'Virement', 'FA-1707-0003', 1, 200.00, 180.00, 1),
(199, 11, '-', 'batiboat@hotmail.fr', '161 ROUTE LEON LACHAMP - 13009 Marseille', '', '', '2017-07-17', '2017-07-18', 'Virement', 'FA-1707-0004', 1, 50.00, 45.00, 1),
(200, 18, '-', 'gaelsempere@gmail.com', '242 Rue D''Endoume - 13007 Marseille', '', '', '2017-07-17', '2017-07-21', 'Virement', 'FA-1707-0005', 1, 50.00, 45.00, 1),
(201, 21, '-', 'remi.domenge@trans-cash.fr', 'ROUTE DES 4 SAISONS - 13190 ALLAUCH', '', '', '2017-07-20', '2017-08-02', 'Virement', 'FA-1707-0006', 1, 1620.00, 1458.00, 1),
(202, 20, '-', 'aremplir@gmail.com', '9 AVENUE DE SAINT ANTOINE - 13015 Marseille', '', '', '2017-07-20', '2017-08-07', 'Virement', 'FA-1707-0007', 1, 36.67, 33.00, 1),
(203, 17, '-', 'michaelattali@hotmail.fr', 'Route de napollon - 13400 AUBAGNE', '', '', '2017-07-27', '2017-08-30', 'Virement', 'FA-1707-0008', 1, 1240.00, 1116.00, 1),
(204, 1, '-', 'Lionel.zanna@gmail.com', '5 RUE PISANCON - 13001 Marseille', '', '', '2017-07-31', '2018-08-02', 'Virement', 'FA-1707-0009', 1, 3723.00, 3350.70, 1),
(205, 3, '-', 'marina.baio@frojo.com', '17 RUE GRIGNAN - 13006 Marseille', '', '', '2017-07-31', '2017-09-21', 'Indéfini', 'FA-1707-0010', 1, 1019.79, 917.81, 1),
(206, 8, '-', 'c-keusseyan@paindesucre.com', '503 rue Saint Pierre - 13012 Marseille', '', '', '2017-07-31', '2017-09-13', 'Virement', 'FA-1707-0011', 1, 2764.71, 2488.24, 1),
(207, 15, '-', 'vgarzetti@sextant.fr', '531 AVENUE DU PRADO - 13008 Marseille', '', '', '2017-08-03', '2017-09-02', 'Virement', 'FA-1708-0001', 1, 1864.90, 1678.41, 1),
(208, 22, '-', 'moore.e@orange.fr', '8 RUE SAINT SAENS - 13001 Marseille', '', '', '2017-08-28', '2017-10-25', 'Virement', 'FA-1708-0002', 1, 1455.00, 1309.50, 1),
(209, 1, '-', 'Lionel.zanna@gmail.com', '5 RUE PISANCON - 13001 Marseille', '', '', '2017-08-31', '2017-09-26', 'Indéfini', 'FA-1708-0003', 1, 3668.00, 3301.20, 1),
(210, 11, '-', 'batiboat@hotmail.fr', '161 ROUTE LEON LACHAMP - 13009 Marseille', '', '', '2017-08-31', '2017-11-20', 'Virement', 'FA-1708-0004', 1, 200.00, 180.00, 1),
(211, 23, '-', 'teddyolob1405@gmail.com', '40 rue d''endoume - 13007 Marseille', '', '', '2017-08-31', '2017-10-02', 'Virement', 'FA-1708-0005', 1, 200.00, 180.00, 1),
(212, 12, '-', 'procogest@wanadoo.fr', '15 Rue Beauvau - 13011 Marseille', '', '', '2017-08-31', '2017-10-23', 'Virement', 'FA-1708-0007', 1, 200.00, 180.00, 1),
(213, 3, '-', 'marina.baio@frojo.com', '17 RUE GRIGNAN - 13006 Marseille', '', '', '2017-08-31', '2017-10-17', 'Indéfini', 'FA-1708-0008', 1, 960.00, 864.00, 1),
(214, 8, '-', 'c-keusseyan@paindesucre.com', '503 rue Saint Pierre - 13012 Marseille', '', '', '2017-08-31', '2017-10-09', 'Virement', 'FA-1708-0009', 1, 3105.66, 2795.09, 1),
(215, 7, '- Avoirs', 'fameswag@icloud.com', '28 rue de Rome, Enseigne FAME - 13001 Marseille', '', '', '2017-08-31', '2017-08-31', 'Virement', 'FA-1708-0010', 1, 1164.38, 1047.94, 1),
(216, 15, '- Avoirs', 'vgarzetti@sextant.fr', '531 AVENUE DU PRADO - 13008 Marseille', '', '', '2017-09-05', '2018-11-29', 'Indéfini', 'FA-1709-0001', 1, 1564.00, 1407.60, 1),
(217, 24, '-', 'president@fneds.fr', '54 rue Jean Baptiste Pigalle - 75009 PARIS', '', '', '2017-09-11', '2017-09-22', 'Virement', 'FA-1709-0002', 1, 2560.00, 2304.00, 1),
(218, 25, '-', 'mendossa1@gmail.com', '90 boulevard rabateau - 13008 Marseille', '', '', '2017-09-12', '2017-09-27', 'Virement', 'FA-1709-0003', 1, 870.00, 783.00, 1),
(219, 1, '-', 'Lionel.zanna@gmail.com', '5 RUE PISANCON - 13001 Marseille', '', '', '2017-09-30', '2017-10-09', 'Virement', 'FA-1709-0004', 1, 4223.00, 3800.70, 1),
(220, 3, '-', 'marina.baio@frojo.com', '17 RUE GRIGNAN - 13006 Marseille', '', '', '2017-09-30', '2017-10-30', 'Indéfini', 'FA-1709-0005', 1, 1579.06, 1421.15, 1),
(221, 8, '-', 'c-keusseyan@paindesucre.com', '503 rue Saint Pierre - 13012 Marseille', '', '', '2017-09-30', '2017-11-09', 'Virement', 'FA-1709-0006', 1, 2739.00, 2465.10, 1),
(222, 19, '-', 'renaud1967@gmail.com', '30 COURS HONORE D ESTIENNE D ORVES - 13001 Marseille', '', '', '2017-10-02', '2017-10-09', 'Virement', 'FA-1710-0001', 1, 1778.00, 1600.20, 1),
(223, 15, '- Avoirs', 'vgarzetti@sextant.fr', '531 AVENUE DU PRADO - 13008 Marseille', '', '', '2017-10-03', '2018-11-29', 'Virement', 'FA-1710-0002', 1, 980.00, 882.00, 1),
(224, 9, '-', 'david@homeinvest.fr', '33 allées Turcat Méry - 13008 Marseille', '', '', '2017-10-04', '2017-10-25', 'Virement', 'FA-1710-0003', 1, 50.00, 45.00, 1),
(225, 28, '-', 'aremplir@gmail.com', '130 chemin des Bourrely, Parc Kallisté Bat C10 - 13015 Marseille', '', '', '2017-10-11', '2017-10-23', 'Virement', 'FA-1710-0004', 1, 216.67, 195.00, 1),
(226, 27, '-', 'contact@aqualink-international.com', '4 Quai d''arenc - 13002 Marseille', '04 88 91 85 99', '', '2017-10-12', '2017-12-05', 'Virement', 'FA-1710-0005', 1, 900.00, 810.00, 1),
(227, 29, '-', 'contact@agencemg.fr', '306 rue Paradis - 13008 Marseille', '04 91 82 63 46', '', '2017-10-18', '2017-10-18', 'Virement', 'FA-1710-0006', 1, 100.00, 90.00, 1),
(228, 30, '-', 'contact@laurentmerlin.fr', '29 Boulevard Lord Duveen - 13008 Marseille ', '', '06 22 64 08 08', '2017-10-18', '2017-11-24', 'Virement', 'FA-1710-0007', 1, 200.00, 180.00, 1),
(229, 31, '-', 'contact@sud-rea.fr', 'Parc Citérama Avenue de Napollon - 13400 Aubagne', '', '', '2017-10-24', '2017-10-30', 'Virement', 'FA-1710-0008', 1, 459.00, 413.10, 1),
(230, 32, '-', 'alexis.paget@progereal.com', '64 Avenue d''Haifa, Hermes Park Bt B - 13008 Marseille', '', '', '2017-10-26', '2017-11-30', 'Virement', 'FA-1710-0009', 1, 1404.00, 1263.60, 1),
(231, 1, '-', 'Lionel.zanna@gmail.com', '5 RUE PISANCON - 13001 Marseille', '', '', '2017-10-31', '2017-11-09', 'Virement', 'FA-1710-0010', 1, 4598.00, 4138.20, 1),
(232, 8, '-', 'c-keusseyan@paindesucre.com', '503 rue Saint Pierre - 13012 Marseille', '', '', '2017-10-31', '2017-11-28', 'Virement', 'FA-1710-0011', 1, 2529.00, 2276.10, 1),
(233, 3, '-', 'marina.baio@frojo.com', '17 RUE GRIGNAN - 13006 Marseille', '', '', '2017-10-31', '2017-11-29', 'Virement', 'FA-1710-0012', 1, 1265.67, 1139.10, 1),
(234, 21, '-', 'remi.domenge@trans-cash.fr', 'ROUTE DES 4 SAISONS - 13190 ALLAUCH', '', '', '2017-11-03', '2017-12-11', 'Virement', 'FA-1711-0001', 1, 1620.00, 1458.00, 1),
(235, 25, '-', 'mendossa1@gmail.com', '90 boulevard rabateau - 13008 Marseille', '', '', '2017-11-03', '2017-12-04', 'Virement', 'FA-1711-0002', 1, 870.00, 783.00, 1),
(236, 28, '-', 'aremplir@gmail.com', '130 chemin des Bourrely, Parc Kallisté Bat C10 - 13015 Marseille', '', '', '2017-11-06', '2017-11-06', 'Virement', 'FA-1711-0003', 1, 216.67, 195.00, 1),
(237, 2, '-', 'laurent.david@puma.com', '1 rue Louis Ampère, BP 40189 - 67405 ILLKIRCH cedex', '', '06 16 35 53 87', '2017-11-06', '2017-11-29', 'Virement', 'FA-1711-0004', 1, 2500.00, 2250.00, 1),
(238, 33, '-', 'philippe.vincent@lightcomm.org', '68 boulevard de la corderie - 13007 Marseille', '', '', '2017-11-07', '2018-02-02', 'Virement', 'FA-1711-0005', 1, 600.00, 540.00, 1),
(239, 28, '-', 'aremplir@gmail.com', '130 chemin des Bourrely, Parc Kallisté Bat C10 - 13015 Marseille', '', '', '2017-11-08', '2017-11-08', 'Virement', 'FA-1711-0006', 1, 216.67, 195.00, 1),
(240, 20, '-', 'aremplir@gmail.com', '9 AVENUE DE SAINT ANTOINE - 13015 Marseille', '', '', '2017-11-08', '2017-11-08', 'Virement', 'FA-1711-0007', 1, 1125.00, 1012.50, 1),
(241, 34, '-', 'jan.rouze@gmail.com', '21 boulevard de tunis - 13008 Marseille', '', '', '2017-11-08', '2017-11-14', 'Virement', 'FA-1711-0008', 1, 810.00, 729.00, 1),
(242, 2, '-', 'laurent.david@puma.com', '1 rue Louis Ampère, BP 40189 - 67405 ILLKIRCH cedex', '', '06 16 35 53 87', '2017-11-09', '2017-11-27', 'Virement', 'FA-1711-0009', 1, 15000.00, 13500.00, 1),
(243, 35, '-', 'damien.giordano@logic-immo.com', '1330, Avenue de La Lauzière - 13290 Aix en Provence', '', '', '2017-11-09', '2018-01-15', 'Virement', 'FA-1711-0010', 1, 200.00, 180.00, 1),
(244, 24, '-', 'president@fneds.fr', '54 rue Jean Baptiste Pigalle - 75009 PARIS', '', '', '2017-11-13', '2017-12-08', 'Virement', 'FA-1711-0011', 1, 4540.00, 4086.00, 1),
(245, 27, '-', 'contact@aqualink-international.com', '4 Quai d''arenc - 13002 Marseille', '04 88 91 85 99', '', '2017-11-13', '2018-01-02', 'Virement', 'FA-1711-0012', 1, 900.00, 810.00, 1),
(246, 37, '-', 'aremplir@gmail.com', '64 Avenue d''Haifa, Hermes Park Bt B - 13008 Marseille', '', '', '2017-11-15', '2017-11-30', 'Virement', 'FA-1711-0014', 1, 1100.00, 990.00, 1),
(247, 38, '-', 'rbenjamin@immobvi.fr', '25 avenue jules Cantini - 13006 Marseille', '', '', '2017-11-20', '2017-11-30', 'Virement', 'FA-1711-0015', 1, 570.00, 513.00, 1),
(248, 25, '-', 'mendossa1@gmail.com', '90 boulevard rabateau - 13008 Marseille', '', '', '2017-11-21', '2017-12-18', 'Virement', 'FA-1711-0016', 1, 1160.00, 1044.00, 1),
(249, 15, '- Avoirs', 'vgarzetti@sextant.fr', '531 AVENUE DU PRADO - 13008 Marseille', '', '', '2017-11-23', '2018-11-29', 'Indéfini', 'FA-1711-0017', 1, 2544.00, 2289.60, 1),
(250, 15, '-', 'vgarzetti@sextant.fr', '531 AVENUE DU PRADO - 13008 Marseille', '', '', '2017-11-24', '2017-12-18', 'Virement', 'FA-1711-0018', 1, 2319.00, 2087.10, 1),
(251, 30, '-', 'contact@laurentmerlin.fr', '29 Boulevard Lord Duveen - 13008 Marseille ', '', '06 22 64 08 08', '2017-11-24', '2017-11-24', 'Virement', 'FA-1711-0019', 1, 100.00, 90.00, 1),
(252, 35, '-', 'damien.giordano@logic-immo.com', '1330, Avenue de La Lauzière - 13290 Aix en Provence', '', '', '2017-11-27', '2018-11-29', 'Indéfini', 'FA-1711-0020', 1, 290.00, 261.00, 1),
(253, 39, '-', 'aremplir@gmail.com', '100 AVENUE DE L EUROPE BP 72082, CENTRE DE VIE L ANJOLY IMMEUBLE LE SUD - 13127 Vitrolles', '', '', '2017-11-29', '2018-01-09', 'Virement', 'FA-1711-0021', 1, 216.67, 195.00, 1),
(254, 1, '-', 'Lionel.zanna@gmail.com', '5 RUE PISANCON - 13001 Marseille', '', '', '2017-11-30', '2017-12-22', 'Virement', 'FA-1711-0022', 1, 5033.00, 4529.70, 1),
(255, 8, '-', 'c-keusseyan@paindesucre.com', '503 rue Saint Pierre - 13012 Marseille', '', '', '2017-11-30', '2017-12-20', 'Virement', 'FA-1711-0023', 1, 2529.00, 2276.10, 1),
(256, 3, '-', 'marina.baio@frojo.com', '17 RUE GRIGNAN - 13006 Marseille', '', '', '2017-11-30', '2017-12-28', 'Virement', 'FA-1711-0024', 1, 1405.85, 1265.27, 1),
(257, 20, '-', 'aremplir@gmail.com', '9 AVENUE DE SAINT ANTOINE - 13015 Marseille', '', '', '2017-12-04', '2017-12-12', 'Virement', 'FA-1712-0002', 1, 1125.00, 1012.50, 1),
(258, 19, '-', 'renaud1967@gmail.com', '30 COURS HONORE D ESTIENNE D ORVES - 13001 Marseille', '', '', '2017-12-04', '2018-02-08', 'Virement', 'FA-1712-0003', 1, 1778.00, 1600.20, 1),
(259, 41, '-', 'aremplir@gmail.com', 'TRAVERSE GRANDJEAN, QUARTIER SAINT MITRE - 13013 Marseille', '', '', '2017-12-11', '2017-12-14', 'Virement', 'FA-1712-0004', 1, 650.00, 585.00, 1),
(260, 16, '-', 'marie.pierre.audin@reebok.com', 'division Reebok Comptabilité fournisseurs, B.P. 80067 - 67702 SAVERNE CEDEX', '', '', '2017-12-12', '2018-02-01', 'Virement', 'FA-1712-0005', 1, 3000.00, 2700.00, 1),
(261, 42, '-', 'serviceclient@Iyu.fr', '68 A Rue Sainte - 13001 Marseille', '', '', '2017-12-12', '2017-12-18', 'Virement', 'FA-1712-0006', 1, 1020.00, 918.00, 1),
(262, 34, '-', 'jan.rouze@gmail.com', '21 boulevard de tunis - 13008 Marseille', '', '', '2017-12-12', '2017-12-12', 'Virement', 'FA-1712-0007', 1, 810.00, 729.00, 1);
INSERT INTO `Factures` (`id`, `id_client`, `nom_designation`, `email`, `adresse_facturation`, `tel_fixe`, `tel_portable`, `date_facture`, `date_paiement`, `type_reglement`, `numero_facture`, `tva_applicable`, `total_ht`, `total_marge`, `statut`) VALUES
(263, 27, '-', 'contact@aqualink-international.com', '4 Quai d''arenc - 13002 Marseille', '04 88 91 85 99', '', '2017-12-14', '2018-01-26', 'Virement', 'FA-1712-0008', 1, 900.00, 810.00, 1),
(264, 20, '-', 'aremplir@gmail.com', '9 AVENUE DE SAINT ANTOINE - 13015 Marseille', '', '', '2017-12-04', '2018-01-09', 'Indéfini', 'FA-1712-0009', 1, 700.00, 630.00, 1),
(265, 3, '-', 'marina.baio@frojo.com', '17 RUE GRIGNAN - 13006 Marseille', '', '', '2017-12-19', '2018-02-08', 'Virement', 'FA-1712-0010', 1, 2000.00, 1800.00, 1),
(266, 35, '-', 'damien.giordano@logic-immo.com', '1330, Avenue de La Lauzière - 13290 Aix en Provence', '', '', '2017-12-21', '2018-11-29', 'Indéfini', 'FA-1712-0011', 1, 200.00, 180.00, 1),
(267, 1, '-', 'Lionel.zanna@gmail.com', '5 RUE PISANCON - 13001 Marseille', '', '', '2017-12-31', '2018-01-30', 'Virement', 'FA-1712-0012', 1, 4486.50, 4037.85, 1),
(268, 8, '-', 'c-keusseyan@paindesucre.com', '503 rue Saint Pierre - 13012 Marseille', '', '', '2017-12-31', '2018-02-08', 'Virement', 'FA-1712-0013', 1, 2760.49, 2484.44, 1),
(269, 3, '-', 'marina.baio@frojo.com', '17 RUE GRIGNAN - 13006 Marseille', '', '', '2017-12-31', '2018-02-19', 'Virement', 'FA-1712-0014', 1, 1361.25, 1225.13, 1),
(270, 1, '-', 'Lionel.zanna@gmail.com', '5 RUE PISANCON - 13001 Marseille', '', '', '2016-09-30', '2016-09-30', 'Virement', 'FA-1609-0001', 1, 2700.00, 2430.00, 1),
(271, 1, '-', 'Lionel.zanna@gmail.com', '5 RUE PISANCON - 13001 Marseille', '', '', '2016-09-30', '2016-09-30', 'Virement', 'FA-1609-0002', 1, 3000.00, 2700.00, 1),
(272, 2, '-', 'laurent.david@puma.com', '1 rue Louis Ampère, BP 40189 - 67405 ILLKIRCH cedex', '', '06 16 35 53 87', '2016-10-31', '2016-10-31', 'Virement', 'FA-1610-0001', 1, 1000.00, 900.00, 1),
(273, 1, '-', 'Lionel.zanna@gmail.com', '5 RUE PISANCON - 13001 Marseille', '', '', '2016-10-31', '2016-10-31', 'Virement', 'FA-1610-0002', 1, 2955.00, 2659.50, 1),
(274, 3, '-', 'marina.baio@frojo.com', '17 RUE GRIGNAN - 13006 Marseille', '', '', '2016-10-31', '2016-10-31', 'Virement', 'FA-1610-0003', 1, 595.00, 535.50, 1),
(275, 3, '-', 'marina.baio@frojo.com', '17 RUE GRIGNAN - 13006 Marseille', '', '', '2016-10-31', '2016-10-31', 'Virement', 'FA-1610-0004', 1, 995.63, 896.07, 1),
(276, 4, '-', 'fcorticchiato.ods@gmail.com', '306 rue Paradis - 13008 Marseille', '', '', '2016-11-30', '2016-11-30', 'Virement', 'FA-1611-0001', 1, 100.00, 90.00, 1),
(277, 1, '-', 'Lionel.zanna@gmail.com', '5 RUE PISANCON - 13001 Marseille', '', '', '2016-11-30', '2016-11-30', 'Virement', 'FA-1611-0002', 1, 3220.00, 2898.00, 1),
(278, 3, '-', 'marina.baio@frojo.com', '17 RUE GRIGNAN - 13006 Marseille', '', '', '2016-11-30', '2016-11-30', 'Virement', 'FA-1611-0003', 1, 255.00, 229.50, 1),
(279, 3, '-', 'marina.baio@frojo.com', '17 RUE GRIGNAN - 13006 Marseille', '', '', '2016-11-30', '2016-11-30', 'Virement', 'FA-1611-0004', 1, 95.00, 85.50, 1),
(280, 3, '-', 'marina.baio@frojo.com', '17 RUE GRIGNAN - 13006 Marseille', '', '', '2016-12-31', '2016-12-31', 'Virement', 'FA-1612-0001', 1, 450.00, 405.00, 1),
(281, 1, '-', 'Lionel.zanna@gmail.com', '5 RUE PISANCON - 13001 Marseille', '', '', '2016-12-31', '2016-12-31', 'Virement', 'FA-1612-0002', 1, 3005.00, 2704.50, 1),
(282, 3, '-', 'marina.baio@frojo.com', '17 RUE GRIGNAN - 13006 Marseille', '', '', '2016-12-31', '2016-12-31', 'Virement', 'FA-1612-0003', 1, 425.00, 382.50, 1),
(283, 3, '-', 'marina.baio@frojo.com', '17 RUE GRIGNAN - 13006 Marseille', '', '', '2016-12-31', '2016-12-31', 'Virement', 'FA-1612-0004', 1, 916.67, 825.00, 1),
(284, 3, '-', 'marina.baio@frojo.com', '17 RUE GRIGNAN - 13006 Marseille', '', '', '2016-12-31', '2016-12-31', 'Virement', 'FA-1612-0005', 1, 1700.00, 1530.00, 1),
(285, 5, '-', 'contact@villedemarseille.fr', '2, rue de la Prison, Maison Diamantée - 13002 Marseille', '', '', '2016-12-31', '2016-12-31', 'Virement', 'FA-1612-0006', 1, 13499.33, 12149.40, 1),
(286, 36, '-', 'contact@residence-calypso.com', '64 Avenue d''Haifa - 13008 Marseille', '', '', '2017-11-15', NULL, NULL, 'FA-1711-0013', 1, 513.00, 461.70, 0),
(287, 64, 'Création du logo', 'aremplir@gmail.com', '155 route des 3 lucs, La valentine - 13011 Marseille', '', '', '2018-06-22', '2018-11-07', 'Chèque', 'FA-1806-0011', 1, 400.00, 360.00, 1),
(288, 65, '1er acompte de 30% sur le développement du site', 'contact@cig-access.com', '44 rue des forges - 13010 MARSEILLE', '', '', '2018-07-18', '2018-11-21', 'Virement', 'FA-1807-0010', 1, 4110.00, 3699.00, 1),
(289, 40, '-', 'aremplir@gmail.com', '362 rue paradis - 13008 Marseille ', '', '', '2017-12-01', '2017-12-01', 'Virement', 'FA-1712-0001', 1, 800.00, 720.00, 1),
(290, 17, '-', 'michaelattali@hotmail.fr', 'Route de napollon - 13400 AUBAGNE', '', '', '2017-08-31', '2017-09-26', 'Virement', 'FA-1708-0006', 1, 200.00, 180.00, 1),
(291, 16, 'Créa contenus ', 'marie.pierre.audin@reebok.com', 'division Reebok Comptabilité fournisseurs, B.P. 80067 - 67702 SAVERNE CEDEX', '', '', '2018-01-31', '2018-02-08', 'Virement', 'FA-1801-0021', 1, 20000.00, 18000.00, 1),
(292, 70, 'Acompte de 30% sur créa de contenus', 'aremplir@gmail.com', '59, rue Boileau - 75016 PARIS', '', '', '2018-02-15', '2018-03-02', 'Virement', 'FA-1802-0007', 1, 2925.00, 2632.50, 1),
(293, 52, '1er acompte de 30% sur le développement du site', 'commercial@patricecatanzaro.info', 'Zac les pielettes - 13740 Le Rove ', '', '', '2018-03-13', '2018-03-13', 'Virement', 'FA-1803-0008', 1, 2640.00, 2376.00, 1),
(294, 70, 'Audit du site', 'aremplir@gmail.com', '59, rue Boileau - 75016 PARIS', '', '', '2018-03-30', '2018-10-04', 'Virement', 'FA-1803-0022', 1, 800.00, 720.00, 1),
(295, 70, '1er acompte de 30% sur le développement du site', 'aremplir@gmail.com', '59, rue Boileau - 75016 PARIS', '', '', '2018-04-18', '2018-04-26', 'Virement', 'FA-1804-0007', 1, 3540.00, 3186.00, 1),
(296, 70, '2ème acompte sur le développement du site', 'aremplir@gmail.com', '59, rue Boileau - 75016 PARIS', '', '', '2018-06-01', '2018-06-07', 'Virement', 'FA-1806-0001', 1, 3540.00, 3186.00, 1),
(297, 52, '2ème acompte sur le développement du site', 'commercial@patricecatanzaro.info', 'Zac les pielettes - 13740 Le Rove ', '', '', '2018-05-16', '2018-07-08', 'Virement', 'FA-1805-0006', 1, 2640.00, 2376.00, 1),
(322, 71, 'RS ', 'aremplir@gmail.com', '21 boulevard de tunis - 13008 Marseille', '', '', '2018-04-17', NULL, NULL, 'FA-1804-0003', 0, 2180.00, 1962.00, 0),
(323, 71, 'Mois d''avril', 'aremplir@gmail.com', '21 boulevard de tunis - 13008 Marseille', '', '', '2018-04-30', '2018-05-17', 'Indéfini', 'FA-1804-0022', 0, 2530.00, 2277.00, 1),
(324, 71, 'Gestion RS', 'aremplir@gmail.com', '21 boulevard de tunis - 13008 Marseille', '', '', '2018-05-30', NULL, NULL, 'FA-1805-0020', 0, 2050.00, 1845.00, 0),
(325, 72, '1er acompte sur le développement du site', 'rubert.clement@gmail.com', 'Décathlon Village Avenue de Violesi M8 - 13320 Bouc Bel Air', '', '', '2018-08-29', '2018-08-29', 'Chèque', 'FA-1808-0007', 1, 570.00, 493.00, 1),
(326, 27, '11ème mensualité sur 12', 'contact@aqualink-international.com', '4 Quai d''arenc - 13002 Marseille', '04 88 91 85 99', '', '2018-08-29', '2018-09-25', 'Virement', 'FA-1808-0008', 1, 900.00, 810.00, 1),
(327, 58, 'Hébergement mensuel', 'info@www.starcowparis.com', '64 rue saint honoré - 75001 Paris', '', '', '2018-08-29', '2018-08-29', 'Virement', 'FA-1808-0009', 1, 570.00, 513.00, 1),
(328, 42, 'Acompte de 30% Shooting et créa brochure campagne 2019', 'serviceclient@Iyu.fr', '68 A Rue Sainte - 13001 Marseille', '', '', '2018-08-29', '2018-08-30', 'Chèque', 'FA-1808-0010', 1, 1290.00, 1161.00, 1),
(329, 19, 'Shooting 13/04', 'renaud1967@gmail.com', '30 COURS HONORE D ESTIENNE D ORVES - 13001 Marseille', '', '', '2018-08-29', '2018-09-25', 'Virement', 'FA-1808-0011', 1, 300.00, 270.00, 1),
(330, 19, 'Shooting 19/04', 'renaud1967@gmail.com', '30 COURS HONORE D ESTIENNE D ORVES - 13001 Marseille', '', '', '2018-08-29', '2018-09-25', 'Virement', 'FA-1808-0012', 1, 300.00, 270.00, 1),
(331, 19, 'Shooting 09/05', 'renaud1967@gmail.com', '30 COURS HONORE D ESTIENNE D ORVES - 13001 Marseille', '', '', '2018-08-29', '2018-09-25', 'Virement', 'FA-1808-0013', 1, 300.00, 270.00, 1),
(332, 3, 'Gestion E-shop et MAJ de contenus / Forfait mensuel', 'marina.baio@frojo.com', '17 RUE GRIGNAN - 13006 Marseille', '', '', '2018-08-31', '2018-09-14', 'Virement', 'FA-1808-0014', 1, 960.00, 864.00, 1),
(333, 1, 'Hébergement / Maintenance', 'Lionel.zanna@gmail.com', '5 RUE PISANCON - 13001 Marseille', '', '', '2018-08-31', '2018-10-10', 'Virement', 'FA-1808-0015', 1, 1025.00, 922.50, 1),
(334, 1, 'Shooting Août 2018', 'Lionel.zanna@gmail.com', '5 RUE PISANCON - 13001 Marseille', '', '', '2018-08-31', '2018-10-25', 'Virement', 'FA-1808-0016', 1, 2748.00, 2473.20, 1),
(335, 8, 'Acompte de 30% sur développement showroom', 'c-keusseyan@paindesucre.com', '503 rue Saint Pierre - 13012 Marseille', '', '', '2018-01-30', '2018-02-08', 'Virement', 'FA-1801-0019', 1, 900.00, 810.00, 1),
(336, 8, 'Solde sur développement showroom varesano', 'c-keusseyan@paindesucre.com', '503 rue Saint Pierre - 13012 Marseille', '', '', '2018-05-30', '2018-06-18', 'Virement', 'FA-1805-0017', 1, 2100.00, 1890.00, 1),
(337, 42, 'Solde sur shooting et création de brochure', 'serviceclient@Iyu.fr', '68 A Rue Sainte - 13001 Marseille', '', '', '2018-09-04', '2018-09-13', 'Virement', 'FA-1809-0001', 1, 3010.00, 2408.00, 1),
(338, 44, 'Solde sur le développement des site Eden et Je m''assure', 'info@edenlemanconsulting.ch', 'Rue Dr Alfred Vincent 8 - 1201 Genève', '', '', '2018-09-05', '2019-02-27', 'Virement', 'FA-1809-0002', 1, 1404.00, 1123.20, 1),
(339, 70, '3ème acompte de 20% sur le développement du site', 'aremplir@gmail.com', '59, rue Boileau - 75016 PARIS', '', '', '2018-09-06', '2018-10-04', 'Virement', 'FA-1809-0003', 1, 2360.00, 2124.00, 1),
(340, 62, 'Solde sur site', 'contact@plum-deco.com', '49 rue montaigne - 13012 Marseille', '', '', '2018-09-06', '2018-09-25', 'Virement', 'FA-1809-0004', 1, 1668.00, 1501.20, 1),
(341, 21, '3ème acompte de 20% sur le développement du site', 'remi.domenge@trans-cash.fr', 'ROUTE DES 4 SAISONS - 13190 ALLAUCH', '', '', '2018-09-06', '2018-11-14', 'Chèque', 'FA-1809-0005', 1, 1080.00, 864.00, 1),
(342, 42, 'Ajout suite à urgence d''impression + sponso', 'serviceclient@Iyu.fr', '68 A Rue Sainte - 13001 Marseille', '', '', '2018-09-13', '2018-11-05', 'Indéfini', 'FA-1809-0006', 1, 1469.40, 1322.46, 1),
(344, 74, '1er acompte de 30% sur le site', 'jonathanstioui@gmail.com', '43 ch. Vicinale de la milière - 13011 Marseille', '', '', '2018-09-12', '2018-09-12', 'Virement', 'FA-1809-0007', 1, 540.00, 486.00, 1),
(346, 72, '2ème acompte sur le développement du site', 'rubert.clement@gmail.com', 'Décathlon Village Avenue de Violesi M8 - 13320 Bouc Bel Air', '', '', '2018-09-19', '2018-10-25', 'Virement', 'FA-1809-0010', 1, 570.00, 513.00, 1),
(347, 11, 'Hébergement', 'batiboat@hotmail.fr', '161 ROUTE LEON LACHAMP - 13009 Marseille', '', '', '2018-09-24', '2018-09-24', 'Virement', 'FA-1809-0013', 1, 200.00, 180.00, 1),
(348, 46, 'Remontée Elle store', 'karine@0-105.com', '3 rue Roux Brignoles - 13006 Marseille', '', '', '2018-09-25', '2018-10-10', 'Virement', 'FA-1809-0014', 1, 90.00, 81.00, 1),
(349, 65, '1er acompte de 30% sur le développement du site', 'aremplir@gmail.com', '44 rue des forges - 13010 MARSEILLE', '', '', '2018-09-27', '2018-10-10', 'Virement', 'FA-1809-0015', 1, 4140.00, 3726.00, 1),
(350, 25, 'Référencement du mois de septembre', 'mendossa1@gmail.com', '90 boulevard rabateau - 13008 Marseille', '', '', '2018-09-28', '2018-10-25', 'Virement', 'FA-1809-0020', 1, 249.00, 224.10, 1),
(351, 58, 'Hébergement mensuel', 'info@www.starcowparis.com', '64 rue saint honoré - 75001 Paris', '', '', '2018-09-28', '2018-10-01', 'Virement', 'FA-1809-0021', 1, 570.00, 513.00, 1),
(352, 1, 'Hébergement, infogérance', 'Lionel.zanna@gmail.com', '5 RUE PISANCON - 13001 Marseille', '', '', '2018-09-28', '2018-10-25', 'Virement', 'FA-1809-0022', 1, 1025.00, 922.50, 1),
(353, 27, '12ème mensualité sur 12', 'contact@aqualink-international.com', '4 Quai d''arenc - 13002 Marseille', '04 88 91 85 99', '', '2018-09-28', '2018-10-25', 'Virement', 'FA-1809-0023', 1, 900.00, 810.00, 1),
(354, 3, 'Gestion E-shop et MAJ de contenus / Forfait mensuel', 'marina.baio@frojo.com', '17 RUE GRIGNAN - 13006 Marseille', '', '', '2018-09-28', '2018-11-15', 'Chèque', 'FA-1809-0024', 1, 1805.00, 1624.50, 1),
(355, 75, 'Acompte sur module', 'aremplir@gmail.com', '100 av de l''europe - 13127', '', '', '2018-09-28', '2018-10-10', 'Chèque', 'FA-1809-0016', 1, 291.67, 262.50, 1),
(356, 75, 'Solde sur module', 'aremplir@gmail.com', '100 av de l''europe - 13127', '', '', '2018-09-28', '2018-10-15', 'Chèque', 'FA-1809-0017', 1, 358.33, 322.50, 1),
(357, 76, 'Impression tshirt', 'aremplir@gmail.com', '21 Boulevard de tunis - 13008 Marseille', '', '', '2018-09-28', '2018-11-21', 'Chèque', 'FA-1809-0018', 1, 1200.00, 1080.00, 1),
(358, 77, 'Acompte sur site', 'aremplir@gmail.com', '21 boulevard de tunis - 13008 Marseille', '', '', '2018-09-28', '2018-09-27', 'Virement', 'FA-1809-0019', 1, 3333.33, 2666.66, 1),
(359, 79, '2ème acompte sur site', 'aremplir@gmail.com', '21 boulevard de tunis - 13008 Marseille', '', '', '2018-09-18', '2018-10-02', 'Virement', 'FA-1809-0008', 1, 3000.00, 2700.00, 1),
(360, 79, 'Hébergement ovh', 'aremplir@gmail.com', '21 boulevard de tunis - 13008 Marseille', '', '', '2018-09-19', '2019-04-24', 'Virement', 'FA-1809-0011', 1, 130.00, 104.00, 1),
(361, 80, 'Développement du site', 'aremplir@gmail.com', 'Emplacement d123, Dom fontvieille - 13190 Allauch', '', '', '2018-09-18', '2018-09-18', 'Virement', 'FA-1809-0009', 1, 14000.00, 12600.00, 1),
(362, 31, 'Bandeau salon', 'contact@sud-rea.fr', 'Parc Citérama Avenue de Napollon - 13400 Aubagne', '', '', '2018-09-21', '2018-12-27', 'Chèque', 'FA-1809-0012', 1, 160.00, 128.00, 1),
(363, 1, 'Shooting 170 paires', 'Lionel.zanna@gmail.com', '5 RUE PISANCON - 13001 Marseille', '', '', '2018-10-02', '2018-10-25', 'Virement', 'FA-1810-0001', 1, 2040.00, 1836.00, 1),
(364, 23, 'Hébergement annuel', 'teddyolob1405@gmail.com', '40 rue d''endoume - 13007 Marseille', '', '', '2018-10-02', '2018-12-31', 'Indéfini', 'FA-1810-0002', 1, 200.00, 120.00, 1),
(366, 45, 'Solde site', 'pierre@icicommencelaventure.com', 'Villa Eglantine Carraire - 13790 Rousset', '', '', '2018-10-02', '2018-11-15', 'Virement', 'FA-1810-0005', 1, 400.00, 280.00, 1),
(367, 52, '3ème acompte de 20% sur le développement du site', 'commercial@patricecatanzaro.info', 'Zac les pielettes - 13740 Le Rove ', '', '', '2018-10-02', NULL, NULL, 'FA-1810-0006', 1, 1760.00, 1584.00, 1),
(368, 72, 'Création flyer', 'rubert.clement@gmail.com', 'Décathlon Village Avenue de Violesi M8 - 13320 Bouc Bel Air', '', '', '2018-10-24', '2018-11-15', 'Virement', 'FA-1810-0007', 1, 250.00, 205.00, 1),
(369, 45, 'Eshop', 'pierre@icicommencelaventure.com', 'Villa Eglantine Carraire - 13790 Rousset', '', '', '2018-10-24', '2018-11-19', 'Virement', 'FA-1810-0008', 1, 390.00, 311.00, 1),
(370, 58, 'Raffles', 'info@www.starcowparis.com', '64 rue saint honoré - 75001 Paris', '', '', '2018-10-24', '2018-11-26', 'Virement', 'FA-1810-0009', 1, 850.00, 505.00, 1),
(371, 81, '1er acompte sur site', 'tomer@cabinet-arditti.fr', '229, route léon lachamp - 13009 Marseille', '', '', '2018-10-24', '2018-12-19', 'Virement', 'FA-1810-0010', 1, 840.00, 652.00, 1),
(372, 33, 'Intervention tysilio', 'philippe.vincent@lightcomm.org', '68 boulevard de la corderie - 13007 Marseille', '', '', '2018-10-24', '2018-11-11', 'Virement', 'FA-1810-0011', 1, 120.00, 56.00, 1),
(373, 68, '2ème acompte sur site', 'marseille@boisetchiffons.fr', '114 Traverse de la serviane - 13011 Marseille', '04 91 52 90 10', '', '2018-10-24', '2018-11-05', 'Chèque', 'FA-1810-0012', 1, 3150.00, 2615.00, 1),
(374, 46, 'Devis doptimisation', 'karine@0-105.com', '3 rue Roux Brignoles - 13006 Marseille', '', '', '2018-10-24', '2018-12-07', 'Virement', 'FA-1810-0013', 1, 820.00, 468.00, 1),
(375, 74, '2ème acompte sur site', 'jonathanstioui@gmail.com', '43 ch. Vicinale de la milière - 13011 Marseille', '', '', '2018-10-24', '2018-11-15', 'Chèque', 'FA-1810-0014', 1, 540.00, 386.00, 1),
(376, 11, 'Référencement octobre - mars', 'batiboat@hotmail.fr', '161 ROUTE LEON LACHAMP - 13009 Marseille', '', '', '2018-10-24', NULL, NULL, 'FA-1810-0015', 1, 120.00, 108.00, 0),
(377, 28, 'Hébergement 2018-2019', 'aremplir@gmail.com', '130 chemin des Bourrely, Parc Kallisté Bat C10 - 13015 Marseille', '', '', '2018-10-24', '2018-12-19', 'Virement', 'FA-1810-0016', 1, 150.00, 70.00, 1),
(378, 30, 'Hébergement 2018-2019', 'contact@laurentmerlin.fr', '29 Boulevard Lord Duveen - 13008 Marseille ', '', '06 22 64 08 08', '2018-10-24', NULL, NULL, 'FA-1810-0017', 1, 150.00, 85.00, 0),
(379, 12, 'Hébergement 2018-2019', 'procogest@wanadoo.fr', '15 Rue Beauvau - 13011 Marseille', '', '', '2018-10-24', '2018-11-29', 'Chèque', 'FA-1810-0018', 1, 200.00, 104.00, 1),
(380, 65, 'Configuration serveur et premier mois d''hébergement', 'aremplir@gmail.com', '44 rue des forges - 13010 MARSEILLE', '', '', '2018-10-24', '2018-11-15', 'Chèque', 'FA-1810-0019', 1, 950.00, 655.00, 1),
(381, 21, 'Solde sur site', 'remi.domenge@trans-cash.fr', 'ROUTE DES 4 SAISONS - 13190 ALLAUCH', '', '', '2018-10-24', '2018-11-21', 'Chèque', 'FA-1810-0020', 1, 1080.00, 672.00, 1),
(386, 16, 'ACHAT DE PAIRES YUNG', 'marie.pierre.audin@reebok.com', 'Comptabilité Fournisseurs 1, Allée des Orcades - 67000 Strasbourg', '', '', '2018-10-25', '2018-11-21', 'Virement', 'FA-1810-0021', 1, 300.00, -30.00, 1),
(387, 1, 'Frenchdays Newsletter', 'Lionel.zanna@gmail.com', '5 RUE PISANCON - 13001 Marseille', '', '', '2018-10-31', '2018-11-13', 'Virement', 'FA-1810-0022', 1, 85.00, 76.50, 1),
(388, 1, 'Intervention RGPD', 'Lionel.zanna@gmail.com', '5 RUE PISANCON - 13001 Marseille', '', '', '2018-10-31', '2018-11-13', 'Virement', 'FA-1810-0023', 1, 100.00, 90.00, 1),
(389, 70, 'Module UPS', 'aremplir@gmail.com', '59, rue Boileau - 75016 PARIS', '', '', '2018-10-31', '2019-01-03', 'Virement', 'FA-1810-0024', 1, 228.00, 182.40, 1),
(390, 70, 'Solde sur site', 'aremplir@gmail.com', '59, rue Boileau - 75016 PARIS', '', '', '2018-10-31', '2019-01-03', 'Virement', 'FA-1810-0025', 1, 2360.00, 1888.00, 1),
(391, 52, 'Solde sur site', 'commercial@patricecatanzaro.info', 'Zac les pielettes - 13740 Le Rove ', '', '', '2018-10-31', '2018-11-27', 'Virement', 'FA-1810-0026', 1, 1760.00, 1364.00, 1),
(392, 70, 'Hébergement mensuel', 'aremplir@gmail.com', '59, rue Boileau - 75016 PARIS', '', '', '2018-10-31', '2018-11-15', 'Virement', 'FA-1810-0027', 1, 570.00, 513.00, 1),
(393, 58, 'Hébergement mensuel', 'info@www.starcowparis.com', '64 rue saint honoré - 75001 Paris', '', '', '2018-10-31', '2018-11-13', 'Virement', 'FA-1810-0028', 1, 570.00, 513.00, 1),
(394, 1, 'Hébergement', 'Lionel.zanna@gmail.com', '5 RUE PISANCON - 13001 Marseille', '', '', '2018-10-31', '2018-11-13', 'Virement', 'FA-1810-0029', 1, 1325.00, 1192.50, 1),
(395, 63, 'Solde sur site', 'kevin.garcia@egbti.com', '13 AV DU 19 MARS 1962 - 13390 AURIOL', '', '', '2018-10-31', '2018-12-07', 'Virement', 'FA-1810-0030', 1, 560.00, 504.00, 1),
(396, 3, 'Gestion E-shop et MAJ de contenus / Forfait mensuel', 'marina.baio@frojo.com', '17 RUE GRIGNAN - 13006 Marseille', '', '', '2018-10-31', '2018-11-15', 'Chèque', 'FA-1810-0031', 1, 960.00, 864.00, 1),
(397, 25, 'Référencement du mois de juin', 'mendossa1@gmail.com', '90 boulevard rabateau - 13008 Marseille', '', '', '2018-10-31', '2018-11-21', 'Virement', 'FA-1810-0032', 1, 249.00, 224.10, 1),
(398, 60, '3ème acompte sur le développement du site', 'kmboucif@hotmail.fr', '17 rue de la taillerie - 62000 ARRAS', '', '', '2018-10-31', '2019-02-05', 'Virement', 'FA-1810-0033', 1, 5487.00, 4389.60, 1),
(399, 33, 'Mise en place de la version française du site tysilio', 'philippe.vincent@lightcomm.org', '68 boulevard de la corderie - 13007 Marseille', '', '', '2018-10-31', '2018-12-24', 'Virement', 'FA-1810-0034', 1, 300.00, 240.00, 1),
(400, 82, 'Développement du site', 'ithier@me.com', 'Avenue Général LECLERC - 83990 Saint Tropez', '', '', '2018-10-31', '2018-12-07', 'Virement', 'FA-1810-0035', 1, 3225.60, 2903.04, 1),
(401, 1, 'Shooting octobre 2018', 'Lionel.zanna@gmail.com', '5 RUE PISANCON - 13001 Marseille', '', '', '2018-10-31', NULL, NULL, 'FA-1810-0036', 1, 2760.00, 1484.00, 1),
(402, 58, 'Acompte de 50% sur la refonte et optimisation', 'info@www.starcowparis.com', '64 rue saint honoré - 75001 Paris', '', '', '2018-11-05', '2018-11-20', 'Virement', 'FA-1811-001', 1, 1795.00, 1395.50, 1),
(403, 13, 'AVOIR Référencement 2018-2019 (6 mois)', 'contact@evenementsud.fr', '21 Avenue Pauliani - 06000 Nice', '', '', '2018-11-05', '2019-03-18', 'Indéfini', 'FA-1811-0002', 1, 1194.00, 929.20, 1),
(404, 52, 'Achat module et confugration', 'commercial@patricecatanzaro.info', 'Zac les pielettes - 13740 Le Rove ', '', '', '2018-11-07', NULL, NULL, 'FA-1811-003', 1, 240.00, 136.00, 1),
(405, 74, 'Solde sur le développement de vitre site', 'jonathanstioui@gmail.com', '43 ch. Vicinale de la milière - 13011 Marseille', '', '', '2018-11-08', '2018-12-10', 'Chèque', 'FA-1811-0004', 1, 720.00, 608.00, 1),
(406, 6, 'Solde sur site', 'charles.chetrit@wanadoo.fr', '19 avenue Paul Héroult, ZI de la Delorme - 13015 Marseille', '', '', '2018-11-13', NULL, NULL, 'FA-1811-0005', 1, 9800.00, 8820.00, 0),
(407, 77, 'Second acompte sur le développement du site', 'aremplir@gmail.com', '21 boulevard de tunis - 13008 Marseille', '', '', '2018-11-13', '2018-11-15', 'Chèque', 'FA-1811-006', 1, 3333.33, 2666.66, 1),
(408, 83, 'Création du logo', 'durand.elodienc@gmail.com', '138, Route des camoins - 13001 Marseille', '', '', '2018-11-19', '2018-11-19', 'Chèque', 'FA-1811-007', 1, 790.00, 579.00, 1),
(409, 60, 'Rééquélibrage montant reçu', 'kmboucif@hotmail.fr', '17 rue de la taillerie - 62000 ARRAS', '', '', '2018-11-21', '2018-11-21', 'Chèque', 'FA-1811-008', 1, 1371.75, 1234.58, 1),
(410, 1, 'Shooting photos Novembre', 'Lionel.zanna@gmail.com', '5 RUE PISANCON - 13001 Marseille', '', '', '2018-11-21', '2019-01-03', 'Virement', 'FA-1811-0009', 1, 972.00, 377.60, 1),
(411, 84, '1er acompte de 30% sur le développement de votre site', 'fgroret@hotmail.com', '3, avenue Jules Jouy - 93600 Aulnay sous bois', '', '', '2018-11-21', '2018-12-21', 'Virement', 'FA-1811-0010', 1, 2580.00, 1960.00, 1),
(412, 52, 'Modification du module UPS pour livraison en magasin', 'commercial@patricecatanzaro.info', 'Zac les pielettes - 13740 Le Rove ', '', '', '2018-11-21', '2018-11-27', 'Virement', 'FA-1811-011', 1, 600.00, 408.00, 1),
(413, 72, 'Créa 4*3 + campagne digitale', 'rubert.clement@gmail.com', 'Décathlon Village Avenue de Violesi M8 - 13320 Bouc Bel Air', '', '', '2018-11-26', '2018-12-07', 'Virement', 'FA-1811-0012', 1, 1450.00, 1173.00, 1),
(414, 65, '2ème acompte sur site', 'alexandre@cig-access.com', '44 rue des forges - 13010 MARSEILLE', '', '', '2018-11-26', '2018-12-07', 'Virement', 'FA-1811-0013', 1, 4140.00, 3526.00, 1),
(415, 52, 'Achats de modules', 'commercial@patricecatanzaro.info', 'Zac les pielettes - 13740 Le Rove ', '', '', '2018-11-26', '2018-11-27', 'Virement', 'FA-1811-014', 1, 359.98, 143.99, 1),
(416, 1, 'Newsletter Blackfriday', 'Lionel.zanna@gmail.com', '5 RUE PISANCON - 13001 Marseille', '', '', '2018-11-29', '2019-01-03', 'Virement', 'FA-1811-0016', 1, 85.00, 48.00, 1),
(417, 1, 'Hébergement et maintenance', 'Lionel.zanna@gmail.com', '5 RUE PISANCON - 13001 Marseille', '', '', '2018-11-29', '2019-01-03', 'Virement', 'FA-1811-0015', 1, 1325.00, 598.00, 1),
(418, 70, 'Hébergement mensuel', 'nmessica@oshibori-concept.com', '59, rue Boileau - 75016 PARIS', '', '', '2018-11-29', '2018-12-04', 'Virement', 'FA-1811-0017', 1, 570.00, 337.00, 1),
(419, 65, 'Hébergement mensuel', 'alexandre@cig-access.com', '44 rue des forges - 13010 MARSEILLE', '', '', '2018-11-29', '2018-12-07', 'Virement', 'FA-1811-0018', 1, 570.00, 337.00, 1),
(420, 58, 'Hébergement mensuel', 'info@www.starcowparis.com', '64 rue saint honoré - 75001 Paris', '', '', '2018-11-29', '2018-12-07', 'Virement', 'FA-1811-0019', 1, 570.00, 337.00, 1),
(421, 3, 'Gestion eshop, newsletter *2 et invitation', 'marina.baio@frojo.com', '17 RUE GRIGNAN - 13006 Marseille', '', '', '2018-11-29', '2018-12-27', 'Chèque', 'FA-1811-0020', 1, 1150.00, 802.00, 1),
(422, 25, 'Référencement du mois de juin', 'mendossa1@gmail.com', '90 boulevard rabateau - 13008 Marseille', '', '', '2018-11-29', '2018-12-19', 'Virement', 'FA-1811-0021', 1, 249.00, 199.20, 1),
(423, 58, 'Achat module ups et installation', 'info@www.starcowparis.com', '64 rue saint honoré - 75001 Paris', '', '', '2018-11-29', '2019-04-16', 'Virement', 'FA-1811-0022', 1, 330.00, 112.00, 1),
(424, 85, '1er acompte de 30% sur le développement', 'godelalain@gmail.com', '20, Via Guardia Gellone - 07024 LA MADDALENA', '', '', '2018-12-04', '2018-12-10', 'Virement', 'FA-1812-001', 1, 630.00, 447.00, 1),
(425, 62, 'Packshot 29 références', 'contact@plum-deco.com', '49 rue montaigne - 13012 Marseille', '', '', '2018-12-07', '2018-12-10', 'Virement', 'FA-1812-002', 1, 464.00, 321.60, 1),
(426, 83, 'Dossier d’écriture de la stratégie de communication Phase 1', 'durand.elodienc@gmail.com', '138, Route des camoins - 13001 Marseille', '', '', '2018-12-07', NULL, NULL, 'FA-1812-003', 1, 400.00, 256.00, 0),
(427, 1, 'Acompte sur refonte graphique et optimisation du magento', 'Lionel.zanna@gmail.com', '5 RUE PISANCON - 13001 Marseille', '', '', '2018-12-07', '2019-01-03', 'Virement', 'FA-1812-004', 1, 3975.00, 2956.00, 1),
(429, 86, '1er acompte de 30% sur le développement du site Gazon synthétique', 'attar.jeremy09@gmail.com', '555? Rue Saint Pierre - 13012 Marseille', '', '', '2018-12-07', '2019-01-10', 'Chèque', 'FA-1812-005', 1, 2940.00, 2300.00, 1),
(430, 62, 'Accompagnement noel et shooting 11 réf', 'contact@plum-deco.com', '49 rue montaigne - 13012 Marseille', '', '', '2018-12-12', '2018-12-26', 'Virement', 'FA-1812-006', 1, 656.00, 342.80, 1),
(431, 72, 'Solde de 40% sur le développement du site', 'rubert.clement@gmail.com', 'Décathlon Village Avenue de Violesi M8 - 13320 Bouc Bel Air', '', '', '2018-12-12', '2019-03-12', 'Chèque', 'FA-1812-007', 1, 760.00, 448.00, 1),
(432, 77, 'Solde et achat module CIC', 'avy.illouz@gmail.com', '148 avenue des trois lacs - 13012 marseille', '', '', '2018-12-13', '2019-01-29', 'Chèque', 'FA-1812-008', 1, 3183.32, 1766.67, 1),
(433, 68, '3ème acompte sur le développement du site', 'marseille@boisetchiffons.fr', '114 Traverse de la serviane - 13011 Marseille', '04 91 52 90 10', '', '2018-12-13', '2018-12-17', 'Chèque', 'FA-1812-009', 1, 2100.00, 1380.00, 1),
(434, 87, '1er acompte de 30% sur le développement du site ', 'charlottevincent.rp@orange.fr', '5, Cours Jean Ballard - 13001 Marseille', '', '', '2018-12-13', '2019-01-11', 'Chèque', 'FA-1812-010', 1, 615.00, 412.00, 1),
(435, 65, '3ème acompte de 20%sur le développement du site', 'alexandre@cig-access.com', '44 rue des forges - 13010 MARSEILLE', '', '', '2018-12-13', '2018-12-17', 'Virement', 'FA-1812-011', 1, 2760.00, 1832.00, 1),
(436, 88, 'Accompagnement Conseil et animation commerciale du site autour de 2 OPS : Black Friday & Noël', 'jerome@orusbijoux.fr', 'Zi athelia  219, av du serpolet - 13600 la ciotat', '', '', '2018-12-17', '2019-01-04', 'Chèque', 'FA-1812-012', 1, 384.00, 229.20, 1),
(437, 79, 'Solde sur le développement du site et le shooting', 'ghirardiaudrey@gmail.com', '21 boulevard de tunis - 13008 Marseille', '', '', '2018-12-19', '2019-04-24', 'Virement', 'FA-1812-013', 1, 353.33, 242.66, 1),
(438, 89, 'Accompagnement Conseil et animation commerciale', 'sylvie@orusbijoux.fr', '384, chemin des marcassin - 13600 La ciotat', '', '', '2018-12-27', '2019-01-04', 'Virement', 'FA-1812-014', 1, 384.00, 227.20, 1),
(439, 3, 'Gestion E-shop et MAJ de contenus / Forfait mensuel', 'marina.baio@frojo.com', '17 RUE GRIGNAN - 13006 Marseille', '', '', '2018-12-28', '2019-02-26', 'Chèque', 'FA-1812-015', 1, 1045.00, 704.00, 1),
(440, 3, 'Optimisation SEO', 'marina.baio@frojo.com', '17 RUE GRIGNAN - 13006 Marseille', '', '', '2018-12-28', '2019-02-26', 'Chèque', 'FA-1812-016', 1, 1228.00, 736.40, 1),
(441, 62, 'Shooting 6 références Paniers', 'contact@plum-deco.com', '49 rue montaigne - 13012 Marseille', '', '', '2018-12-28', '2019-01-04', 'Virement', 'FA-1812-017', 1, 96.00, 30.80, 1),
(442, 68, 'Solde sur le développement du site', 'marseille@boisetchiffons.fr', '114 Traverse de la serviane - 13011 Marseille', '04 91 52 90 10', '', '2018-12-28', '2019-01-29', 'Chèque', 'FA-1812-018', 1, 2100.00, 1404.00, 1),
(443, 25, 'Référencement mensuel', 'mendossa1@gmail.com', '90 boulevard rabateau - 13008 Marseille', '', '', '2018-12-28', NULL, NULL, 'FA-1812-019', 1, 249.00, 199.20, 1),
(444, 65, 'Hébergement mensuel', 'alexandre@cig-access.com', '44 rue des forges - 13010 MARSEILLE', '', '', '2018-12-28', '2019-01-11', 'Virement', 'FA-1812-020', 1, 570.00, 170.00, 1),
(445, 58, 'Hébergement mensuel', 'info@www.starcowparis.com', '64 rue saint honoré - 75001 Paris', '', '', '2018-12-28', '2019-01-03', 'Virement', 'FA-1812-021', 1, 570.00, 148.00, 1),
(447, 1, 'Hébergement mensuel et Maintenance', 'Lionel.zanna@gmail.com', '5 RUE PISANCON - 13001 Marseille', '', '', '2018-12-28', '2019-02-05', 'Virement', 'FA-1812-022', 1, 1410.00, 682.00, 1),
(448, 70, 'Hébergement mensuel', 'aremplir@gmail.com', '59, rue Boileau - 75016 PARIS', '', '', '2018-12-28', '2019-01-03', 'Virement', 'FA-1812-023', 1, 570.00, 236.00, 1),
(449, 72, 'Création invitation + bon cadeau digital', 'rubert.clement@gmail.com', 'Décathlon Village Avenue de Violesi M8 - 13320 Bouc Bel Air', '', '', '2018-12-28', '2019-03-12', 'Chèque', 'FA-1812-024', 1, 250.00, 156.00, 1),
(450, 65, 'Solde sur site', 'alexandre@cig-access.com', '44 rue des forges - 13010 MARSEILLE', '', '', '2018-12-28', '2019-01-11', 'Virement', 'FA-1812-025', 1, 3409.00, 2507.20, 1),
(452, 89, 'Rétrocession 20 % animation commerciale nov et déc 2018 - CA HT généré 1129€', 'sylvie@orusbijoux.fr', '384, chemin des marcassin - 13600 La ciotat', '', '', '2018-12-31', '2019-01-16', 'Chèque', 'FA-1812-027', 1, 225.00, 180.00, 1),
(453, 77, 'Changement du nom de domaine principal du site Aspire en Vapro Distribution', 'avy.illouz@gmail.com', '148 avenue des trois lacs - 13012 marseille', '', '', '2019-01-02', '2019-01-04', 'Virement', 'FA-1901-001', 1, 550.00, 370.00, 1),
(454, 90, 'MYSNEAKERS COURIR 2019', 'marie.pierre.audin@reebok.com', '1, Allée des Orcades - 67000 STRASBOURG', '', '', '2019-01-02', '2019-02-04', 'Virement', 'FA-1901-002', 1, 9100.00, 7020.00, 1),
(455, 82, 'Solde sur shooting', 'ithier@me.com', 'Avenue Général LECLERC - 83990 Saint Tropez', '', '', '2019-01-09', '2019-02-05', 'Virement', 'FA-1901-003', 1, 800.00, 588.00, 1),
(456, 68, 'Intégration de 400 références produits', 'marseille@boisetchiffons.fr', '114 Traverse de la serviane - 13011 Marseille', '04 91 52 90 10', '', '2019-01-10', '2019-01-29', 'Chèque', 'FA-1901-004', 1, 490.00, 338.00, 1),
(457, 16, 'PROJET ELEARNING COURIR 2019 ', 'Jean-Christophe.Ropers@adidas.com', 'Comptabilité fournisseurs, 1, Allée des Orcades - 67000 STRASBOURG', '', '', '2019-01-11', '2019-02-12', 'Virement', 'FA-1901-005', 1, 16100.00, 6750.00, 1),
(458, 89, 'Newsletter Soldes', 'sylvie@orusbijoux.fr', '384, chemin des marcassin - 13600 La ciotat', '', '', '2019-01-17', '2019-06-03', 'Chèque', 'FA-1901-006', 1, 85.00, 42.00, 1),
(459, 72, 'Création Campagne Nicki Surf ', 'rubert.clement@gmail.com', 'Décathlon Village Avenue de Violesi M8 - 13320 Bouc Bel Air', '', '', '2019-01-17', '2019-04-15', 'Chèque', 'FA-1901-007', 1, 850.00, 640.00, 1),
(460, 77, 'Installation & Configuration du Serveur dédié', 'avy.illouz@gmail.com', '148 avenue des trois lacs - 13012 marseille', '', '', '2019-01-18', '2019-02-04', 'Indéfini', 'FA-1901-008', 1, 315.00, 252.00, 1),
(461, 62, 'Accompagnement Conseil et animation commerciale Soldes', 'contact@plum-deco.com', '49 rue montaigne - 13012 Marseille', '', '', '2019-01-25', '2019-02-04', 'Virement', 'FA-1901-009', 1, 260.00, 168.00, 1),
(462, 1, 'Intégration frais de port et investigation', 'Lionel.zanna@gmail.com', '5 RUE PISANCON - 13001 Marseille', '', '', '2019-01-29', '2019-03-21', 'Virement', 'FA-1901-010', 1, 200.00, 108.00, 1),
(463, 1, 'Newsletters *2', 'Lionel.zanna@gmail.com', '5 RUE PISANCON - 13001 Marseille', '', '', '2019-01-29', '2019-03-21', 'Virement', 'FA-1901-011', 1, 170.00, 116.00, 1),
(464, 20, 'Mise au format du logo', 'latifa.boughazi@allocourse.fr', '9 AVENUE DE SAINT ANTOINE - 13015 Marseille', '', '', '2019-01-29', '2019-07-04', 'Virement', 'FA-1901-012', 1, 90.00, 52.00, 1),
(466, 52, 'Installation instashop', 'commercial@patricecatanzaro.info', 'Zac les pielettes - 13740 Le Rove ', '', '', '2019-01-31', '2019-02-12', 'Virement', 'FA-1901-013', 1, 450.00, 316.00, 1),
(467, 63, 'Création plaquette', 'kevin.garcia@egbti.com', '13 AV DU 19 MARS 1962 - 13390 AURIOL', '', '', '2019-01-31', '2019-03-26', 'Chèque', 'FA-1901-014', 1, 150.00, 74.00, 1),
(468, 3, 'Accompagnement mensuel et hébergement', 'marina.baio@frojo.com', '17 RUE GRIGNAN - 13006 Marseille', '', '', '2019-01-31', '2019-03-04', 'Chèque', 'FA-1901-015', 1, 960.00, 676.00, 1),
(469, 25, 'Référencement mensuel', 'mendossa1@gmail.com', '90 boulevard rabateau - 13008 Marseille', '', '', '2019-01-31', '2019-02-01', 'Virement', 'FA-1901-016', 1, 249.00, 199.20, 1),
(470, 65, 'Hébergement mensuel', 'alexandre@cig-access.com', '44 rue des forges - 13010 MARSEILLE', '', '', '2019-01-31', '2019-05-03', 'Virement', 'FA-1901-017', 1, 570.00, 210.00, 1),
(471, 58, 'Hébergement mensuel', 'info@www.starcowparis.com', '64 rue saint honoré - 75001 Paris', '', '', '2019-01-31', NULL, NULL, 'FA-1901-018', 1, 570.00, 236.00, 1),
(473, 1, 'Hébergement mensuel + maintenance', 'Lionel.zanna@gmail.com', '5 RUE PISANCON - 13001 Marseille', '', '', '2019-01-31', '2019-03-21', 'Virement', 'FA-1901-019', 1, 1405.00, 710.00, 1),
(474, 70, 'Hébergement mensuel', 'nmessica@oshibori-concept.com', '59, rue Boileau - 75016 PARIS', '', '', '2019-01-31', NULL, NULL, 'FA-1901-020', 1, 570.00, 236.00, 1),
(475, 77, 'Hébergement mensuel', 'avy.illouz@gmail.com', '148 avenue des trois lacs - 13012 marseille', '', '', '2019-01-31', '2019-03-21', 'Virement', 'FA-1901-021', 1, 570.00, 192.00, 1),
(476, 62, 'Accompagnement Conseil et animation commerciale WINTER', 'contact@plum-deco.com', '49 rue montaigne - 13012 Marseille', '', '', '2019-02-05', '2019-02-22', 'Virement', 'FA-1902-001', 1, 480.00, 344.00, 1),
(477, 89, 'Accompagnement Conseil et animation commerciale Saint Valentin ', 'sylvie@orusbijoux.fr', '384, chemin des marcassin - 13600 La ciotat', '', '', '2019-02-11', '2019-02-18', 'Chèque', 'FA-1902-002', 1, 290.00, 146.00, 1),
(478, 52, 'Accompagnement Conseil et animation commerciale Saint Valentin', 'commercial@patricecatanzaro.info', 'Zac les pielettes - 13740 Le Rove ', '', '', '2019-02-11', '2019-03-07', 'Virement', 'FA-1902-003', 1, 340.00, 226.00, 1),
(479, 58, 'Solde de 50% sur la refonte et optimisation', 'info@www.starcowparis.com', '64 rue saint honoré - 75001 Paris', '', '', '2019-02-11', '2019-04-16', 'Indéfini', 'FA-1902-004', 1, 1795.00, 1414.00, 1),
(480, 77, 'Prorata hébergement janvier ', 'avy.illouz@gmail.com', '148 avenue des trois lacs - 13012 marseille', '', '', '2019-02-11', '2019-06-11', 'Virement', 'FA-1902-005', 1, 285.00, 202.00, 1),
(481, 89, 'Acompte de 30% sur les optimisations techniques et intégration fiches produits', 'sylvie@orusbijoux.fr', '384, chemin des marcassin - 13600 La ciotat', '', '', '2019-02-12', '2019-02-18', 'Chèque', 'FA-1902-006', 1, 438.00, 324.40, 1),
(482, 11, 'Référencement Mars - Septembre 2019', 'batiboat@hotmail.fr', '161 ROUTE LEON LACHAMP - 13009 Marseille', '', '', '2019-02-12', NULL, NULL, 'FA-1902-007', 1, 700.00, 560.00, 0),
(483, 37, 'Hébergement annuel 2019-2020', 'Alexis.Paget@progereal.com', '64 Avenue d''Haifa, Hermes Park Bt B - 13008 Marseille', '', '', '2019-02-13', '2019-06-27', 'Chèque', 'FA-1902-008', 1, 200.00, 88.00, 1),
(484, 82, '2ème acompte de 30% sur le développement du site', 'ithier@me.com', 'Avenue Général LECLERC - 83990 Saint Tropez', '', '', '2019-02-14', NULL, NULL, 'FA-1902-009', 1, 2865.60, 2292.48, 1),
(485, 64, 'Acompte de 50% sur la mise en place de la passerelle Fastmag', 'michael@reves-intimes.fr', '155 route des 3 lucs, La valentine - 13011 Marseille', '', '', '2019-02-14', NULL, NULL, 'FA-1902-010', 1, 1450.00, 260.00, 1),
(486, 16, 'ACHAT PAIRES POUR SHOOTING CONTINENTAL', 'Jean-Christophe.Ropers@adidas.com', 'Comptabilité fournisseurs, 1, Allée des Orcades - 67000 STRASBOURG', '', '', '2019-02-15', '2019-03-21', 'Virement', 'FA-1902-011', 1, 166.67, -33.33, 1),
(487, 52, 'Installation des modules de relances automatiques et 1er mois d''activation', 'patricecatanzaro@me.com', 'Zac les pielettes - 13740 Le Rove ', '', '', '2019-02-15', NULL, NULL, 'FA-1902-012', 1, 550.00, 440.00, 1),
(488, 70, 'Intervention Devis 190218-01', 'nmessica@oshibori-concept.com', '59, rue Boileau - 75016 PARIS', '', '', '2019-02-19', NULL, NULL, 'FA-1902-013', 1, 550.00, 440.00, 0),
(489, 84, 'Second acompte de 30% sur le développement de votre site', 'fgroret@hotmail.com', '3, avenue Jules Jouy - 93600 Aulnay sous bois', '', '', '2019-02-22', '2019-03-14', 'Virement', 'FA-1902-014', 1, 2580.00, 1864.00, 1),
(490, 1, 'Second acompte de 30% sur refonte graphique et optimisation du magento', 'Lionel.zanna@gmail.com', '5 RUE PISANCON - 13001 Marseille', '', '', '2019-02-22', '2019-03-21', 'Virement', 'FA-1902-015', 1, 3975.00, 3100.00, 1),
(492, 87, 'Second acompte de 30% sur le développement de votre site', 'charlottevincent.rp@orange.fr', '5, Cours Jean Ballard - 13001 Marseille', '', '', '2019-02-22', '2019-03-12', 'Chèque', 'FA-1902-016', 1, 615.00, 452.00, 1),
(493, 1, 'Acompte de 50% sur module de Raffle', 'Lionel.zanna@gmail.com', '5 RUE PISANCON - 13001 Marseille', '', '', '2019-02-27', '2019-03-21', 'Virement', 'FA-1902-017', 1, 1200.00, 272.00, 1),
(494, 91, 'Acompte de 50% sur le mise en place du devis 190214-01 ', 'Lionel.zanna@gmail.com', '5 RUE PISANCON - 13001 Marseille', '', '', '2019-02-27', '2019-03-21', 'Virement', 'FA-1902-018', 1, 540.00, 354.00, 1),
(495, 25, 'Référencement mensuel mois de mars', 'mendossa1@gmail.com', '90 boulevard rabateau - 13008 Marseille', '', '', '2019-02-27', '2019-05-13', 'Indéfini', 'FA-1902-019', 1, 249.00, 173.20, 1),
(496, 65, 'Hébergement mensuel', 'alexandre@cig-access.com', '44 rue des forges - 13010 MARSEILLE', '', '', '2019-02-27', NULL, NULL, 'FA-1902-020', 1, 570.00, 307.00, 1),
(497, 58, 'Hébergement mensuel et infogérance', 'info@www.starcowparis.com', '64 rue saint honoré - 75001 Paris', '', '', '2019-02-27', '2019-03-01', 'Virement', 'FA-1902-021', 1, 570.00, 285.00, 1),
(498, 1, 'Hébergement mensuel et infogérance', 'Lionel.zanna@gmail.com', '5 RUE PISANCON - 13001 Marseille', '', '', '2019-02-27', NULL, NULL, 'FA-1902-022', 1, 1325.00, 590.00, 1),
(499, 70, 'Hébergement mensuel et infogérance', 'aremplir@gmail.com', '59, rue Boileau - 75016 PARIS', '', '', '2019-02-27', '2019-03-27', 'Virement', 'FA-1902-023', 1, 570.00, 281.00, 1),
(500, 77, 'Hébergement mensuel et infogérance', 'avy.illouz@gmail.com', '148 avenue des trois lacs - 13012 marseille', '', '', '2019-02-27', '2019-03-21', 'Virement', 'FA-1902-024', 1, 570.00, 285.00, 1),
(501, 3, 'Accompagnement hébergement refonte et optimisation', 'marina.baio@frojo.com', '17 RUE GRIGNAN - 13006 Marseille', '', '', '2019-02-27', '2019-04-10', 'Chèque', 'FA-1902-025', 1, 1385.00, 812.00, 1),
(502, 49, 'Hébergement 2019-2020', 'aremplir@gmail.com', '64 Avenue d''Haifa, Hermes Park - 13008 Marseille', '', '', '2019-03-04', '2019-06-26', 'Chèque', 'FA-1903-001', 1, 200.00, 110.00, 1),
(503, 19, 'Hébergement annuel du site', 'renaud1967@gmail.com', '30 COURS HONORE D ESTIENNE D ORVES - 13001 Marseille', '', '', '2019-03-04', NULL, NULL, 'FA-1903-002', 1, 320.00, 180.00, 0),
(504, 52, '6 mois d''activation webmarketing', 'commercial@patricecatanzaro.info', 'Zac les pielettes - 13740 Le Rove ', '', '', '2019-03-05', '2019-04-05', 'Virement', 'FA-1903-003', 1, 900.00, 394.00, 1),
(505, 91, 'Solde 50% sur le mise en place du devis 190214-01 ', 'Lionel.zanna@gmail.com', '5 RUE PISANCON - 13001 Marseille', '', '', '2019-03-06', '2019-05-03', 'Virement', 'FA-1903-004', 1, 540.00, 388.00, 1),
(506, 70, 'Page decouvrez-oshibori-serviettes-rafraichissantes', 'nmessica@oshibori-concept.com', '59, rue Boileau - 75016 PARIS', '', '', '2019-03-07', '2019-04-15', 'Virement', 'FA-1903-005', 1, 150.00, 98.00, 1),
(507, 1, 'Solde sur le développement du module de raffle', 'Lionel.zanna@gmail.com', '5 RUE PISANCON - 13001 Marseille', '', '', '2019-03-07', '2019-05-03', 'Virement', 'FA-1903-006', 1, 1200.00, 338.00, 1),
(508, 24, 'Transfert domaine et hébergement fneds.fr', 'president@fneds.fr', '54 rue Jean Baptiste Pigalle - 75009 PARIS', '', '', '2019-03-08', '2019-03-27', 'Virement', 'FA-1903-007', 1, 90.00, -4.00, 1),
(509, 62, 'Maintenance gestion de contenus 3 mois', 'contact@plum-deco.com', '49 rue montaigne - 13012 Marseille', '', '', '2019-03-14', '2019-03-26', 'Virement', 'FA-1903-008', 1, 177.00, 115.60, 1),
(510, 16, 'Achat paire stan smith barber shop', 'Jean-Christophe.Ropers@adidas.com', 'Comptabilité fournisseurs, 1, Allée des Orcades - 67000 STRASBOURG', '', '', '2019-03-14', '2019-04-16', 'Virement', 'FA-1903-009', 1, 87.50, -43.50, 1),
(511, 3, 'Acompte de 50% sur la prestation de SEO', 'marina.baio@frojo.com', '17 RUE GRIGNAN - 13006 Marseille', '', '', '2019-03-14', '2019-04-23', 'Chèque', 'FA-1903-010', 1, 918.00, 258.40, 1),
(512, 64, 'Solde de 50% sur la mise en place de la passerelle Fastmag', 'aremplir@gmail.com', '155 route des 3 lucs, La valentine - 13011 Marseille', '', '', '2019-03-14', NULL, NULL, 'FA-1903-011', 1, 1450.00, 560.00, 0),
(513, 65, 'Mise en place des optimisations selon devis validés', 'alexandre@cig-access.com', '44 rue des forges - 13010 MARSEILLE', '', '', '2019-03-14', '2019-04-05', 'Virement', 'FA-1903-012', 1, 2462.00, 1449.60, 1),
(514, 70, 'Vidéo institutionnelle de marque aux Roches Blanches et mini-vidéos univers', 'aremplir@gmail.com', '59, rue Boileau - 75016 PARIS', '', '', '2019-03-14', NULL, NULL, 'FA-1903-013', 1, 8500.00, 3300.00, 0),
(515, 13, 'Référencement 2018-2019 (6 mois)', 'contact@evenementsud.fr', '21 Avenue Pauliani - 06000 Nice', '', '', '2019-03-18', '2019-03-27', 'Virement', 'FA-1903-014', 1, 1194.00, 929.20, 1),
(516, 45, 'Tournage Clip vidéo', 'pierre@icicommencelaventure.com', 'Villa Eglantine Carraire - 13790 Rousset', '', '', '2019-03-20', '2019-05-31', 'Virement', 'FA-1903-015', 1, 400.00, -206.00, 1),
(517, 89, 'Animation commerciale offre Printemps', 'sylvie@orusbijoux.fr', '384, chemin des marcassin - 13600 La ciotat', '', '', '2019-03-20', '2019-05-29', 'Virement', 'FA-1903-016', 1, 275.00, 220.00, 1),
(518, 77, 'Mise en place du devis 190312-01 ', 'avy.illouz@gmail.com', '148 avenue des trois lacs - 13012 marseille', '', '', '2019-03-20', '2019-03-26', 'Virement', 'FA-1903-017', 1, 360.00, 222.00, 1),
(519, 84, '3ème acompte sur le développement du site', 'fgroret@hotmail.com', '3, avenue Jules Jouy - 93600 Aulnay sous bois', '', '', '2019-03-25', '2019-03-25', 'Virement', 'FA-1903-018', 1, 2580.00, 1814.00, 1),
(520, 93, '1er acompte de 30% sur le développement', 'laurent@salmarrg.com.br', '292, AVENUE DU PRADO - 13008 MARSEILLE', '', '', '2019-03-25', '2019-05-14', 'Chèque', 'FA-1903-019', 1, 2637.00, 1809.60, 1),
(521, 44, 'Ajustement du site Je m''asure selon brief', 'info@edenlemanconsulting.ch', 'Rue Dr Alfred Vincent 8 - 1201 Genève', '', '', '2019-03-25', '2019-04-25', 'Virement', 'FA-1903-020', 1, 400.00, 280.00, 1),
(522, 60, 'Achat du module colissimo', 'aremplir@gmail.com', '17 rue de la taillerie - 62000 ARRAS', '', '', '2019-03-25', NULL, NULL, 'FA-1903-021', 1, 188.00, -37.60, 0),
(523, 91, 'Maintenance mensuelmle du site SO KID // Mois de mars', 'Lionel.zanna@gmail.com', '5 RUE PISANCON - 13001 Marseille', '', '', '2019-03-26', '2019-05-03', 'Virement', 'FA-1903-022', 1, 169.00, 69.20, 1),
(524, 13, 'Renouvellement de deux domaines', 'contact@evenementsud.fr', '21 Avenue Pauliani - 06000 Nice', '', '', '2019-03-26', '2019-05-03', 'Virement', 'FA-1903-023', 1, 50.00, -6.00, 1),
(525, 52, 'Maintenance corrective mensuelle // Mois de mars', 'commercial@patricecatanzaro.info', 'Zac les pielettes - 13740 Le Rove ', '', '', '2019-03-27', '2019-04-05', 'Virement', 'FA-1903-024', 1, 59.00, 21.20, 1),
(526, 1, 'Hébergement et maintenance du site Corner Street', 'Lionel.zanna@gmail.com', '5 RUE PISANCON - 13001 Marseille', '', '', '2019-03-27', '2019-05-03', 'Virement', 'FA-1903-025', 1, 1325.00, 818.00, 1),
(527, 25, 'Référencement mensuel', 'mendossa1@gmail.com', '90 boulevard rabateau - 13008 Marseille', '', '', '2019-03-27', '2019-05-17', 'Virement', 'FA-1903-026', 1, 249.00, 173.20, 1),
(528, 65, 'Hébergement mensuel et infogérance ', 'alexandre@cig-access.com', '44 rue des forges - 13010 MARSEILLE', '', '', '2019-03-27', '2019-04-05', 'Virement', 'FA-1903-027', 1, 570.00, 260.00, 1),
(529, 58, 'Hébergement mensuel et infogérance', 'starcow@orange.fr', '64 rue saint honoré - 75001 Paris', '', '', '2019-03-27', '2019-04-05', 'Virement', 'FA-1903-028', 1, 570.00, 260.00, 1),
(530, 70, 'Hébergement mensuel', 'aremplir@gmail.com', '59, rue Boileau - 75016 PARIS', '', '', '2019-03-27', '2019-04-05', 'Virement', 'FA-1903-029', 1, 570.00, 260.00, 1),
(531, 77, 'Hébergement mensuel', 'avy.illouz@gmail.com', '148 avenue des trois lacs - 13012 marseille', '', '', '2019-03-27', '2019-04-05', 'Virement', 'FA-1903-030', 1, 570.00, 260.00, 1),
(532, 3, 'Accompagnement mensuel + hébergement +  infogérance et lissage mensuel de la refonte et optimisations', 'marina.baio@frojo.com', '17 RUE GRIGNAN - 13006 Marseille', '', '', '2019-03-27', '2019-05-10', 'Chèque', 'FA-1903-031', 1, 1385.00, 882.00, 1),
(533, 19, 'Accompagnement mensuel e-commerce ', 'renaud1967@gmail.com', '30 COURS HONORE D ESTIENNE D ORVES - 13001 Marseille', '', '', '2019-03-28', '2019-04-26', 'Virement', 'FA-1903-032', 1, 1000.00, 530.00, 1),
(534, 31, 'Accompagnement mensuel 1h pour gestion des contenus / Mois d''Avril', 'contact@sud-rea.fr', 'Parc Citérama Avenue de Napollon - 13400 Aubagne', '', '', '2019-04-01', NULL, NULL, 'FA-1904-001', 1, 49.00, 39.20, 0),
(535, 82, 'Finalisation du site', 'ithier@me.com', 'Avenue Général LECLERC - 83990 Saint Tropez', '', '', '2019-04-08', '2019-06-11', 'Virement', 'FA-1904-002', 1, 1910.40, 1328.32, 1),
(536, 41, 'Intervention sur site', 'aremplir@gmail.com', 'TRAVERSE GRANDJEAN, QUARTIER SAINT MITRE - 13013 Marseille', '', '', '2019-04-08', NULL, NULL, 'FA-1904-003', 1, 59.00, 27.20, 0),
(537, 84, 'Acompte sur développement du site', 'fgroret@hotmail.com', '3, avenue Jules Jouy - 93600 Aulnay sous bois', '', '', '2019-04-08', '2019-04-19', 'Virement', 'FA-1904-004', 1, 1720.00, 1176.00, 1),
(538, 11, 'Acompte sur améliorations du site', 'batiboat@hotmail.fr', '161 ROUTE LEON LACHAMP - 13009 Marseille', '', '', '2019-04-09', '2019-04-09', 'Chèque', 'FA-1904-005', 1, 250.00, 174.00, 1),
(539, 3, 'Accompagnement mensuel + hebergement + infogerance et lissage mensuel de la refonte et optimisations ', 'marina.baio@frojo.com', '17 RUE GRIGNAN - 13006 Marseille', '', '', '2019-04-08', '2019-07-02', 'Virement', 'FA-1904-006', 1, 1470.00, 1150.00, 1),
(540, 87, '3ème acompte sur le développement du site', 'charlottevincent.rp@orange.fr', '5, Cours Jean Ballard - 13001 Marseille', '', '', '2019-04-12', '2019-04-29', 'Chèque', 'FA-1904-007', 1, 420.00, 136.00, 1),
(541, 42, 'Accompagnement eshop et brand content : banque d''image, RS et HP', 'serviceclient@Iyu.fr', '68 A Rue Sainte - 13001 Marseille', '', '', '2019-04-12', '2019-04-24', 'Chèque', 'FA-1904-008', 1, 1500.00, 924.00, 1),
(542, 58, 'Hébergement mensuel et transfert du site', 'starcow@orange.fr', '64 rue saint honoré - 75001 Paris', '', '', '2019-04-12', '2019-04-26', 'Virement', 'FA-1904-009', 1, 970.00, 534.00, 1),
(543, 94, 'Acompte de 50% sur l''écriture du dossier', 'lebarbierdemarseille@gmail.com', '91, BD NATIONAL 13003 - MARSEILLE', '', '', '2019-04-12', '2019-04-16', 'Chèque', 'FA-1904-010', 1, 1920.00, 476.00, 1),
(544, 95, '1er acompte de 30% sur le développement de votre site', 'lellena.perso@gmail.com', '47 bis avenue david Dellepian - 13007 Marseille', '', '', '2019-04-15', '2019-04-15', 'Chèque', 'FA-1904-011', 1, 630.00, 504.00, 1),
(545, 84, 'Solde sur le développement de votre site', 'fgroret@hotmail.com', '3, avenue Jules Jouy - 93600 Aulnay sous bois', '', '', '2019-04-16', '2019-04-19', 'Virement', 'FA-1904-012', 1, 1720.00, 1316.00, 1),
(546, 1, '3ème acompte sur la refonte de votre site', 'Lionel.zanna@gmail.com', '5 RUE PISANCON - 13001 Marseille', '', '', '2019-04-17', '2019-07-04', 'Virement', 'FA-1904-013', 1, 2650.00, 1900.00, 1),
(547, 3, 'Accompagnement SEO - page CARTIER', 'marina.baio@frojo.com', '17 RUE GRIGNAN - 13006 Marseille', '', '', '2019-04-19', '2019-05-16', 'Chèque', 'FA-1904-014', 1, 180.00, 28.00, 1),
(548, 70, 'Installation fonctionnalité Instagram Shopping', 'aremplir@gmail.com', '59, rue Boileau - 75016 PARIS', '', '', '2019-04-25', '2019-05-03', 'Virement', 'FA-1904-015', 1, 480.00, 358.00, 1),
(549, 86, 'Achat de module', 'attar.jeremy09@gmail.com', '555? Rue Saint Pierre - 13012 Marseille', '', '', '2019-04-29', '2019-06-12', 'Chèque', 'FA-1904-016', 1, 989.96, 265.97, 1),
(550, 65, 'Hébergement mensuel et infogérance ', 'alexandre@cig-access.com', '44 rue des forges - 13010 MARSEILLE', '', '', '2019-04-30', '2019-05-13', 'Virement', 'FA-1904-017', 1, 570.00, 210.00, 1),
(551, 1, 'Hébergement mensuel et infogérance', 'Lionel.zanna@gmail.com', '5 RUE PISANCON - 13001 Marseille', '', '', '2019-04-30', '2019-07-01', 'Virement', 'FA-1904-018', 1, 1325.00, 814.00, 1);
INSERT INTO `Factures` (`id`, `id_client`, `nom_designation`, `email`, `adresse_facturation`, `tel_fixe`, `tel_portable`, `date_facture`, `date_paiement`, `type_reglement`, `numero_facture`, `tva_applicable`, `total_ht`, `total_marge`, `statut`) VALUES
(552, 70, 'Hébergement mensuel et infogérance', 'aremplir@gmail.com', '59, rue Boileau - 75016 PARIS', '', '', '2019-04-30', '2019-05-13', 'Virement', 'FA-1904-019', 1, 570.00, 210.00, 1),
(553, 77, 'Hébergement mensuel et infogérance', 'avy.illouz@gmail.com', '148 avenue des trois lacs - 13012 marseille', '', '', '2019-04-30', '2019-05-13', 'Indéfini', 'FA-1904-020', 1, 570.00, 210.00, 1),
(554, 52, 'Maintenance corrective mensuelle // Mois d''avril', 'commercial@patricecatanzaro.info', 'Zac les pielettes - 13740 Le Rove ', '', '', '2017-04-30', '2019-05-03', 'Virement', 'FA-1904-021', 1, 59.00, 27.20, 1),
(555, 25, 'Référencement mensuel Avril', 'mendossa1@gmail.com', '90 boulevard rabateau - 13008 Marseille', '', '', '2019-04-20', '2019-05-13', 'Virement', 'FA-1904-022', 1, 249.00, 179.20, 1),
(557, 91, 'Maintenance mensuelle du site SO KID // Mois d''avril', 'Lionel.zanna@gmail.com', '5 RUE PISANCON - 13001 Marseille', '', '', '2019-04-30', NULL, NULL, 'FA-1904-023', 1, 169.00, 113.20, 0),
(558, 1, 'Solde sur le développement de votre site (Remise de 30% appliquée)', 'Lionel.zanna@gmail.com', '5 RUE PISANCON - 13001 Marseille', '', '', '2019-05-03', '2019-07-01', 'Virement', 'FA-1905-001', 1, 1855.00, 1264.00, 1),
(559, 86, '2ème acompte de 30% sur le développement de votre site', 'attar.jeremy09@gmail.com', '555? Rue Saint Pierre - 13012 Marseille', '', '', '2019-05-03', '2019-05-14', 'Virement', 'FA-1905-002', 1, 2999.00, 2099.20, 1),
(561, 72, 'Intégration contenus sur le site et flats designs RS', 'rubert.clement@gmail.com', 'Décathlon Village Avenue de Violesi M8 - 13320 Bouc Bel Air', '', '', '2019-05-06', '2019-05-10', 'Chèque', 'FA-1905-003', 1, 370.00, 276.00, 1),
(562, 68, 'Accompagnement mensuel e-commerce ', 'marseille@boisetchiffons.fr', '114 Traverse de la serviane - 13011 Marseille', '04 91 52 90 10', '', '2019-05-09', NULL, NULL, 'FA-1905-004', 1, 1000.00, 614.00, 0),
(563, 62, 'Création carte de notes et cartes de visites', 'contact@plum-deco.com', '49 rue montaigne - 13012 Marseille', '', '', '2019-05-10', '2019-05-29', 'Virement', 'FA-1905-005', 1, 189.00, 131.20, 1),
(564, 60, 'Solde sur le développement du site', 'aremplir@gmail.com', '17 rue de la taillerie - 62000 ARRAS', '', '', '2019-05-10', '2019-05-29', 'Virement', 'FA-1905-006', 1, 5200.00, -360.00, 1),
(565, 87, 'Solde sur le développement du site', 'charlottevincent.rp@orange.fr', '5, Cours Jean Ballard - 13001 Marseille', '', '', '2019-05-13', '2019-06-12', 'Chèque', 'FA-1905-007', 1, 420.00, 316.00, 1),
(566, 92, 'Mise en place de la passerelle Adaptimmo', 'jtorlai@sportimmo.com', '123, Zone de fontvieille - 13090 Allauch', '', '', '2019-05-14', '2019-07-04', 'Chèque', 'FA-1905-008', 1, 2000.00, 1152.00, 1),
(567, 92, 'Logo EPIC + perspective affichage', 'jtorlai@sportimmo.com', '123, Zone de fontvieille - 13090 Allauch', '', '', '2019-05-14', '2019-07-04', 'Chèque', 'FA-1905-009', 1, 800.00, 376.00, 1),
(568, 9, 'Upgrade de la boite mail ==> 50 Go (pack annuel)', 'david@homeinvest.fr', '33 allées Turcat Méry - 13008 Marseille', '', '', '2019-05-14', NULL, NULL, 'FA-1905-010', 1, 70.00, 6.00, 0),
(569, 97, 'Prestation de conseil marketing', 'richard.cardinale@wanadoo.fr', '285 Avenue du Prado - 13008 Marseille', '', '', '2019-05-15', '2019-06-05', 'Virement', 'FA-1905-011', 1, 1115.00, 866.00, 1),
(570, 89, 'Animation commerciale fête des mères & newsletter', 'sylvie@orusbijoux.fr', '384, chemin des marcassin - 13600 La ciotat', '', '', '2019-05-16', NULL, NULL, 'FA-1905-012', 1, 275.00, 200.00, 0),
(571, 94, 'Solde sur l''écriture du dossier', 'lebarbierdemarseille@gmail.com', '91, BD NATIONAL 13003 - MARSEILLE', '', '', '2019-05-17', '2019-05-27', 'Chèque', 'FA-1905-013', 1, 1920.00, 684.00, 1),
(572, 42, 'Accompagnement eshop et brand content : banque d''image, RS et HP', 'serviceclient@Iyu.fr', '68 A Rue Sainte - 13001 Marseille', '', '', '2019-05-17', NULL, NULL, 'FA-1905-014', 1, 1500.00, 846.00, 0),
(573, 98, 'Installation du logiciel de facturation', 'als13.info@gmail.com', '1161, avenue Jean Monnet - 13127 Vitrolles', '', '', '2019-05-23', '2019-07-04', 'Chèque', 'FA-1905-015', 1, 650.00, 480.00, 1),
(574, 31, 'Acompte de 50% sur la mise en place de la refonte de votre site', 'contact@sud-rea.fr', 'Parc Citérama Avenue de Napollon - 13400 Aubagne', '', '', '2019-05-23', NULL, NULL, 'FA-1905-016', 1, 620.00, 296.00, 0),
(575, 3, 'Accompagnement mensuel + hebergement + infogerance et lissage mensuel de la refonte et optimisations + newsletter', 'marina.baio@frojo.com', '17 RUE GRIGNAN - 13006 Marseille', '', '', '2019-05-31', NULL, NULL, 'FA-1905-017', 1, 1470.00, 1084.00, 0),
(576, 11, 'Augmentation de la capacité boite mail', 'batiboat@hotmail.fr', '161 ROUTE LEON LACHAMP - 13009 Marseille', '', '', '2019-05-24', NULL, NULL, 'FA-1905-018', 1, 50.00, 10.00, 0),
(577, 70, 'Hébergement mensuel et infogérance', 'aremplir@gmail.com', '59, rue Boileau - 75016 PARIS', '', '', '2019-05-29', '2019-06-11', 'Virement', 'FA-1905-019', 1, 570.00, 210.00, 1),
(578, 25, 'Référencement Mensuel Mois de mai', 'mendossa1@gmail.com', '90 boulevard rabateau - 13008 Marseille', '', '', '2019-05-29', '2019-06-11', 'Virement', 'FA-1905-020', 1, 249.00, 173.20, 1),
(579, 1, 'Hébergement mensuel et infogérance // mois de mai', 'Lionel.zanna@gmail.com', '5 RUE PISANCON - 13001 Marseille', '', '', '2019-05-29', '2019-07-01', 'Virement', 'FA-1905-021', 1, 1325.00, 814.00, 1),
(580, 91, 'Maintenance mensuelle du site SO KID // Mois de mai', 'Lionel.zanna@gmail.com', '5 RUE PISANCON - 13001 Marseille', '', '', '2019-05-29', NULL, NULL, 'FA-1905-022', 1, 169.00, 91.20, 0),
(581, 77, 'Hébergement mensuel et infogérance', 'avy.illouz@gmail.com', '148 avenue des trois lacs - 13012 marseille', '', '', '2019-05-29', '2019-06-11', 'Virement', 'FA-1905-023', 1, 570.00, 210.00, 1),
(582, 65, 'Hébergement mensuel', 'alexandre@cig-access.com', '44 rue des forges - 13010 MARSEILLE', '', '', '2019-05-29', '2019-06-11', 'Virement', 'FA-1905-024', 1, 570.00, 210.00, 1),
(583, 34, 'Hébergement annuel', 'jan.rouze@gmail.com', '21 boulevard de tunis - 13008 Marseille', '', '', '2019-06-03', NULL, NULL, 'FA-1906-001', 1, 200.00, 160.00, 0),
(584, 9, 'Hébergement annuel', 'david@homeinvest.fr', '33 allées Turcat Méry - 13008 Marseille', '', '', '2019-06-03', NULL, NULL, 'FA-1906-002', 1, 200.00, 160.00, 0),
(585, 65, 'Mise en place du devis 190409-01', 'alexandre@cig-access.com', '44 rue des forges - 13010 MARSEILLE', '', '', '2019-06-03', NULL, NULL, 'FA-1906-004', 1, 1486.99, 969.59, 0),
(586, 3, 'Solde de 50% sur la prestation de SEO', 'marina.baio@frojo.com', '17 RUE GRIGNAN - 13006 Marseille', '', '', '2019-06-03', NULL, NULL, 'FA-1906-003', 1, 918.00, 374.40, 0),
(587, 19, 'Accompagnement mensuel e-commerce : 2eme mois test', 'renaud1967@gmail.com', '30 COURS HONORE D ESTIENNE D ORVES - 13001 Marseille', '', '', '2019-06-04', NULL, NULL, 'FA-1906-005', 1, 1000.00, 550.00, 0),
(588, 65, 'Interveention d''urgence sur stock', 'alexandre@cig-access.com', '44 rue des forges - 13010 MARSEILLE', '', '', '2019-06-05', NULL, NULL, 'FA-1906-006', 1, 372.00, 209.60, 0),
(589, 101, '1er acompte de 30% sur le développement du site', 'contactrepon.dent@gmail.com', '10, Route du Mont Saint Eloi - 62580 Neuville Saint Vaast', '', '06 11 57 56 07', '2019-06-13', '2019-07-11', 'Virement', 'FA-1906-007', 1, 2145.00, 1664.00, 1),
(590, 86, '3ème acompte sur le développement du site', 'attar.jeremy09@gmail.com', '555? Rue Saint Pierre - 13012 Marseille', '', '', '2019-06-14', '2019-07-04', 'Virement', 'FA-1906-008', 1, 1832.00, 1465.60, 1),
(591, 52, 'Maintenance corrective mensuelle // Mois de juin', 'commercial@patricecatanzaro.info', 'Zac les pielettes - 13740 Le Rove ', '', '', '2019-06-17', '2019-06-17', 'Virement', 'FA-1906-009', 1, 59.00, 21.20, 1),
(592, 1, 'Mise en place des ventes privées ', 'Lionel.zanna@gmail.com', '5 RUE PISANCON - 13001 Marseille', '', '', '2019-06-18', '2019-07-01', 'Virement', 'FA-1906-010', 1, 280.00, 180.00, 1),
(593, 86, 'Solde sur facture + Achat et installation du module', 'attar.jeremy09@gmail.com', '555? Rue Saint Pierre - 13012 Marseille', '', '06 76 39 97 20', '2019-06-20', NULL, NULL, 'FA-1906-011', 1, 2001.99, 1362.59, 0),
(594, 52, 'Évolutions sur le site Maison Catanzaro', 'commercial@patricecatanzaro.info', 'Zac les pielettes - 13740 Le Rove ', '', '', '2019-06-24', '2019-07-02', 'Virement', 'FA-1906-012', 1, 413.00, 330.40, 1),
(595, 70, 'Hébergement mensuel & Infogérance', 'fsalama@oshibori-concept.com', '59, rue Boileau - 75016 PARIS', '', '', '2019-06-24', '2019-07-02', 'Virement', 'FA-1906-013', 1, 570.00, 456.00, 1),
(596, 3, 'Création & Envoi des Newsletters', 'marina.baio@frojo.com', '17 RUE GRIGNAN - 13006 Marseille', '', '', '2019-06-24', NULL, NULL, 'FA-1906-014', 1, 255.00, 204.00, 0),
(597, 3, 'Accompagnement hébergement refonte & optimisation', 'marina.baio@frojo.com', '17 RUE GRIGNAN - 13006 Marseille', '', '', '2019-06-25', NULL, NULL, 'FA-1906-015', 1, 1385.00, 1108.00, 0),
(598, 65, 'Hébergement mensuel', 'alexandre@cig-access.com', '44 rue des forges - 13010 MARSEILLE', '', '', '2019-06-25', '2019-07-02', 'Virement', 'FA-1906-016', 1, 570.00, 456.00, 1),
(599, 93, '2ème acompte de 20% sur le développement', 'laurent@salmarrg.com.br', '292, AVENUE DU PRADO - 13008 MARSEILLE', '', '', '2019-06-25', NULL, NULL, 'FA-1906-017', 1, 1758.00, 1406.40, 0),
(600, 77, 'Intervention technique', 'avy.illouz@gmail.com', '148 avenue des trois lacs - 13012 marseille', '', '', '2019-06-26', '2019-07-02', 'Virement', 'FA-1906-018', 1, 59.00, 47.20, 1),
(601, 82, 'Shooting Jean', 'ithier@me.com', 'Avenue Général LECLERC - 83990 Saint Tropez', '', '', '2019-06-27', '2019-07-01', 'Indéfini', 'FA-1906-019', 1, 90.00, 12.00, 1),
(602, 92, 'Campagne SEO', 'jtorlai@sportimmo.com', '123, Zone de fontvieille - 13090 Allauch', '', '', '2019-06-27', '2019-07-02', 'Virement', 'FA-1906-020', 1, 10000.00, 8000.00, 1),
(603, 77, 'Hébergement mensuel & Infogérance', 'avy.illouz@gmail.com', '148 avenue des trois lacs - 13012 marseille', '', '', '2019-06-28', '2019-07-02', 'Virement', 'FA-1906-021', 1, 570.00, 210.00, 1),
(606, 99, 'Accompagnement Social Media', 'laurent@foodandfun.fr', 'Immeuble le Forum18 av de la voie domitienne - 34500 Béziers', '', '', '2019-07-01', '2019-07-10', 'Virement', 'FA-1907-002', 1, 1560.00, 1248.00, 1),
(607, 55, '2ème acompte pour le développement du site', 'contact@boulangerie-ange.fr', '10 Rondes des Florins  - 13800 Istres', '', '', '2019-07-01', NULL, NULL, 'FA-1907-003', 1, 3930.00, 3144.00, 0),
(608, 99, 'Premier Acompte de 30% pour le développement du site ', 'laurent@foodandfun.fr', '161, Avenue de Saint Tronquet - 84130 Le Pontet', '', '', '2019-07-01', NULL, NULL, 'FA-1907-001', 1, 510.00, 382.00, 0),
(609, 1, 'Hébergement mensuel et infogérance // mois de juin', 'Lionel.zanna@gmail.com', '5 RUE PISANCON - 13001 Marseille', '', '', '2019-07-02', NULL, NULL, 'FA-1907-004', 1, 1325.00, 820.00, 0),
(610, 91, 'Maintenance So Kid ', 'Lionel.zanna@gmail.com', '5 RUE PISANCON - 13001 Marseille', '', '', '2019-06-28', NULL, NULL, 'FA-1906-022', 1, 169.00, 135.20, 0),
(611, 99, 'Création spécifique des visuels évènements (6 créations sur 3 mois)', 'laurent@foodandfun.fr', '161, Avenue de Saint Tronquet - 84130 Le Pontet', '', '', '2019-07-02', NULL, NULL, 'FA-1907-005', 1, 900.00, 720.00, 0),
(612, 25, 'Référencement Naturel mois de Juin', 'rebecca.bazar@gmail.com', '90 boulevard rabateau - 13008 Marseille', '', '', '2019-07-04', '2019-07-08', 'Virement', 'FA-1907-006', 1, 249.00, 199.20, 1),
(613, 102, '1er acompte site', 'olivier.nakam@yahoo.fr', '25, RUE BRAVET - 13005 MARSEILLE', '', '', '2019-07-05', NULL, NULL, 'FA-1907-007', 0, 1314.00, 999.20, 0),
(614, 104, '1er acompte de 25% sur le développement du site', 'aremplir@gmail.com', '17, rue Venture - 13001 marseille', '', '', '2019-07-08', NULL, NULL, 'FA-1907-008', 1, 542.50, 408.00, 0),
(616, 70, 'Interventions DE-1907-006', 'fsalama@oshibori-concept.com', '59, rue Boileau - 75016 PARIS', '', '', '2019-07-10', '2019-07-11', 'Virement', 'FA-1907-009', 1, 210.00, 126.00, 1),
(617, 46, '1er acompte refonte', 'karine@0-105.com', '3 rue Roux Brignoles - 13006 Marseille', '', '', '2019-07-11', NULL, NULL, 'FA-1907-010', 1, 656.00, 504.80, 0),
(618, 65, 'Intervention site', 'alexandre@cig-access.com', '44 rue des forges - 13010 MARSEILLE', '', '', '2019-07-11', NULL, NULL, 'FA-1907-011', 1, 216.00, 150.80, 0),
(619, 77, 'Intervention devis DE-1907-008', 'avy.illouz@gmail.com', '148 avenue des trois lacs - 13012 marseille', '', '', '2019-07-11', NULL, NULL, 'FA-1907-012', 1, 612.00, 445.60, 0);

-- --------------------------------------------------------

--
-- Structure de la table `Factures_designations`
--

CREATE TABLE IF NOT EXISTS `Factures_designations` (
  `id` int(255) NOT NULL,
  `id_facture` int(255) NOT NULL,
  `designation` text NOT NULL,
  `quantite` int(255) NOT NULL DEFAULT '1',
  `montant_ht` float(30,2) NOT NULL
) ENGINE=InnoDB AUTO_INCREMENT=1620 DEFAULT CHARSET=utf8;

--
-- Contenu de la table `Factures_designations`
--

INSERT INTO `Factures_designations` (`id`, `id_facture`, `designation`, `quantite`, `montant_ht`) VALUES
(4, 2, 'Mise en place de l''optimisation du référencement', 1, 200.00),
(7, 3, '3ème acompte sur logiciel', 1, 1125.00),
(9, 4, '2ème acompte sur logiciel', 1, 216.67),
(12, 5, 'Créa et impression de plaquette', 1, 689.00),
(14, 6, 'BVI', 1, 570.00),
(15, 1, 'Solde sur site', 1, 1080.00),
(17, 7, '-', 1, 300.00),
(20, 8, '-', 1, 219.00),
(24, 10, 'Acompte sur intervention', 1, 200.00),
(27, 12, 'Second acompte sur site progereal', 1, 1404.00),
(29, 13, '4ème mensualité sur 12', 1, 900.00),
(38, 14, '1er acompte de 30% sur développement', 1, 1053.00),
(40, 15, 'Solde sur intervention', 1, 300.00),
(42, 16, 'Second acompte sur IYU', 1, 1020.00),
(44, 17, 'Courrier LI et SL', 1, 490.00),
(46, 18, 'Acompte de 30% sur développement Medef', 1, 510.00),
(105, 30, 'Second acompte de 30% sur développement', 1, 1455.00),
(130, 53, '1er acompte de 30% sur le développement du site', 1, 1066.66),
(179, 100, 'Solde sur le développement du site', 1, 1197.60),
(379, 286, '-', 1, 513.00),
(424, 11, 'Acompte sur développement du site', 1, 360.00),
(433, 22, 'Refonte Home page', 1, 3815.00),
(434, 25, 'Gestion RS', 1, 1009.58),
(435, 42, 'RS + Rétrocession', 1, 1183.54),
(436, 67, 'RS', 1, 1020.63),
(437, 105, 'Gestion E-shop et MAJ de contenus / Forfait mensuel', 1, 960.00),
(438, 154, '-', 1, 450.00),
(439, 181, '-', 1, 1284.38),
(440, 183, '-', 1, 85.00),
(441, 194, '-', 1, 1017.29),
(442, 205, '-', 1, 1019.79),
(443, 213, '-', 1, 960.00),
(444, 220, '-', 1, 1579.06),
(445, 233, '-', 1, 1265.67),
(446, 256, '-', 1, 1405.85),
(447, 265, '-', 1, 2000.00),
(448, 269, '-', 1, 1361.25),
(450, 275, '-', 1, 995.63),
(451, 274, '-', 1, 595.00),
(452, 278, '-', 1, 255.00),
(453, 279, '-', 1, 95.00),
(454, 280, '-', 1, 450.00),
(455, 282, '-', 1, 425.00),
(456, 283, '-', 1, 916.67),
(457, 284, '-', 1, 1700.00),
(458, 24, 'Gestion RS', 1, 6053.50),
(459, 43, 'RS + Newsletter saint valentin + maintenance', 1, 5939.00),
(460, 66, 'RS + news resto du cœur', 1, 5339.00),
(461, 74, 'Création de contenu Puma', 1, 1850.00),
(462, 79, 'Remplacement de la vitre ', 1, 49.00),
(463, 86, 'RS mois d''avril', 1, 5339.00),
(464, 128, 'Acompte de 30% sur installation serveur + 1er mois', 1, 1865.00),
(466, 180, '-', 1, 3553.00),
(467, 193, '-', 1, 3553.00),
(468, 204, '-', 1, 3723.00),
(469, 209, '-', 1, 3668.00),
(470, 219, '-', 1, 4223.00),
(471, 231, '-', 1, 4598.00),
(472, 254, '-', 1, 5033.00),
(473, 267, '-', 1, 4486.50),
(474, 270, '-', 1, 2700.00),
(475, 271, '-', 1, 3000.00),
(476, 273, '-', 1, 2955.00),
(477, 277, '-', 1, 3220.00),
(478, 281, '-', 1, 3005.00),
(479, 237, '-', 1, 2500.00),
(480, 242, '-', 1, 15000.00),
(481, 272, '-', 1, 1000.00),
(482, 276, '-', 1, 100.00),
(483, 285, '-', 1, 13499.33),
(484, 38, '1er acompte sur le développement du site', 1, 2000.00),
(485, 152, '-', 1, 450.00),
(486, 155, '-', 1, 1350.00),
(487, 165, '-', 1, 1518.75),
(488, 176, '-', 1, 1080.00),
(489, 153, '-', 1, 787.50),
(490, 156, '-', 1, 1350.00),
(491, 157, '-', 1, 800.00),
(492, 166, '-', 1, 1290.94),
(493, 177, '-', 1, 1080.00),
(494, 191, '-', 1, 2370.94),
(495, 215, '- Avoirs', 1, 1164.38),
(496, 26, 'Gestion RS', 1, 2747.27),
(497, 44, 'RS + Influenceur', 1, 2732.06),
(498, 159, '-', 1, 2191.50),
(499, 167, '-', 1, 2596.50),
(500, 178, '-', 1, 2151.00),
(501, 182, '-', 1, 2394.00),
(502, 195, '-', 1, 2529.00),
(503, 206, '-', 1, 2764.71),
(504, 214, '-', 1, 3105.66),
(506, 221, '-', 1, 2739.00),
(507, 232, '-', 1, 2529.00),
(508, 255, '-', 1, 2529.00),
(509, 268, '-', 1, 2760.49),
(510, 163, '-', 1, 280.00),
(511, 198, '-', 1, 200.00),
(512, 224, '-', 1, 50.00),
(513, 184, '-', 1, 3000.00),
(514, 115, 'Intervention sur site en mars', 1, 1600.00),
(515, 21, 'Intervention sur site', 1, 2260.50),
(516, 23, 'Campagne référencement', 1, 459.00),
(517, 102, 'Solde sur créa et impression ', 1, 430.00),
(518, 185, '-', 1, 682.50),
(519, 199, '-', 1, 50.00),
(520, 210, '-', 1, 200.00),
(521, 186, '-', 1, 1700.00),
(522, 212, '-', 1, 200.00),
(523, 52, '1er acompte de 30% sur le développement du site', 1, 630.00),
(524, 76, '2nd acompte sur le développement du site', 1, 630.00),
(525, 188, '-', 1, 843.75),
(526, 187, '-', 1, 550.00),
(527, 196, '-', 1, 1045.00),
(528, 207, '-', 1, 1864.90),
(530, 250, '-', 1, 2319.00),
(533, 19, 'Créa contenus ', 1, 12000.00),
(534, 50, 'Création Contenu Spri Noir', 1, 4800.00),
(535, 70, 'Arkyn', 1, 3000.00),
(536, 93, 'Achat de paires Nizza', 1, 160.66),
(537, 94, 'Shooting Nizza SS18', 1, 3000.00),
(538, 113, 'Créa de contenu Parley', 1, 3000.00),
(539, 126, 'Sponsorisation Parley ', 1, 1300.00),
(540, 192, '-', 1, 1700.00),
(541, 260, '-', 1, 3000.00),
(542, 291, 'Créa contenus ', 1, 20000.00),
(543, 197, '-', 1, 510.00),
(544, 203, '-', 1, 1240.00),
(545, 290, '-', 1, 200.00),
(546, 200, '-', 1, 50.00),
(547, 36, '3ème acompte sur développement du site', 1, 1778.00),
(548, 60, '4ème acompte sur 5', 1, 1778.00),
(549, 222, '-', 1, 1778.00),
(550, 258, '-', 1, 1778.00),
(551, 29, 'Solde sur logiciel', 1, 1125.00),
(552, 202, '-', 1, 36.67),
(553, 240, '-', 1, 1125.00),
(554, 257, '-', 1, 1125.00),
(555, 264, '-', 1, 700.00),
(556, 201, '-', 1, 1620.00),
(557, 234, '-', 1, 1620.00),
(558, 208, '-', 1, 1455.00),
(559, 211, '-', 1, 200.00),
(560, 46, 'Hébergement annuel', 1, 200.00),
(561, 217, '-', 1, 2560.00),
(562, 244, '-', 1, 4540.00),
(563, 35, 'Référencement Février', 1, 249.00),
(564, 62, 'Référencement mois de mars', 1, 249.00),
(565, 83, 'Référencement du mois d''avril', 1, 249.00),
(566, 134, 'Référencement du mois de juilet', 1, 249.00),
(567, 218, '-', 1, 870.00),
(568, 235, '-', 1, 870.00),
(569, 248, '-', 1, 1160.00),
(570, 33, '5ème mensualité sur 12', 1, 900.00),
(571, 56, '6ème mensualité sur 12', 1, 900.00),
(572, 69, '7ème mensualté dur 12', 1, 900.00),
(573, 91, '8ème mensualité sur 12', 1, 900.00),
(574, 226, '-', 1, 900.00),
(575, 245, '-', 1, 900.00),
(576, 263, '-', 1, 900.00),
(577, 225, '-', 1, 216.67),
(578, 236, '-', 1, 216.67),
(579, 239, '-', 1, 216.67),
(580, 85, 'Augmentation capacité boite mail', 1, 90.00),
(582, 227, '-', 1, 100.00),
(583, 228, '-', 1, 200.00),
(585, 251, '-', 1, 100.00),
(586, 40, '2ème acompte de 30% sur le développement du site', 1, 459.00),
(587, 98, 'Solde sur développement du nouveau site', 1, 612.00),
(588, 229, '-', 1, 459.00),
(589, 78, 'Développement du site Promoreal', 1, 1900.00),
(590, 230, '-', 1, 1404.00),
(591, 20, 'Solde Tysilio', 1, 400.00),
(592, 41, 'Développement gaitasun', 1, 1000.00),
(593, 47, 'Solde de 70% sur le développement du site MEDEF', 1, 1190.00),
(594, 238, '-', 1, 600.00),
(595, 49, 'Solde sur version anglaise du site', 1, 511.00),
(596, 63, 'Optimisation du référencement', 1, 250.00),
(599, 241, '-', 1, 810.00),
(600, 262, '-', 1, 810.00),
(601, 27, 'Newsletter webinar', 1, 180.00),
(602, 243, '-', 1, 200.00),
(603, 246, '-', 1, 1100.00),
(604, 34, 'Solde sur le développement', 1, 760.00),
(605, 97, 'Création de plaquette', 1, 250.00),
(607, 247, '-', 1, 570.00),
(608, 253, '-', 1, 216.67),
(609, 289, '-', 1, 800.00),
(610, 259, '-', 1, 650.00),
(611, 72, 'Shooting IYU', 1, 2800.00),
(612, 101, 'Solde sur le développement du site', 1, 1360.00),
(613, 114, 'Installation module instagram Shopping / Installation Pixel des campagnes dynamiques Facebook / Budget publicitaire ', 1, 850.00),
(614, 261, '-', 1, 1020.00),
(615, 81, '2ème acompte sur le développement du site', 1, 1053.00),
(616, 28, 'Acompte de 30% sur développement', 1, 600.00),
(617, 55, '2ème acompte sur le développement du site', 1, 600.00),
(618, 87, '3ème acompte sur le développement du site', 1, 600.00),
(619, 117, '4ème acompte sur site', 1, 600.00),
(620, 31, 'Acompte de 30% sur développement', 1, 1620.00),
(621, 109, 'Module prestashop', 1, 630.00),
(622, 110, '2ème acompte sur le développement du site', 1, 1620.00),
(623, 130, 'Solde sur développement du nouveau site', 1, 760.00),
(624, 131, 'Intégration FW18', 1, 300.00),
(625, 133, 'Elle store', 1, 140.00),
(626, 32, 'Acompte de 50% sur refonte', 1, 375.00),
(628, 68, 'Solde sur développement du nouveau site', 1, 375.00),
(629, 37, 'Cahier des charges pour la marque JUST CASHMERE', 1, 300.00),
(630, 45, 'Développement du site Les balcons du Baou', 1, 1000.00),
(631, 48, 'Rédaction du CDC', 1, 3500.00),
(632, 51, 'Campagne achat média', 1, 2990.00),
(633, 293, '1er acompte de 30% sur le développement du site', 1, 2640.00),
(634, 297, '2ème acompte sur le développement du site', 1, 2640.00),
(635, 57, '1er acompte de 30% sur le développement du site', 1, 898.20),
(636, 89, '2ème acompte sur le développement du site', 1, 898.20),
(637, 58, '1er acompte de 30% sur le développement du site', 1, 3930.00),
(638, 59, '1er acompte de 30% sur le développement du site', 1, 1080.00),
(639, 77, '2ème acompte sur le dévelopement du site', 1, 1080.00),
(640, 118, 'Facture de solde', 1, 1440.00),
(641, 132, 'Hébergement', 1, 200.00),
(642, 61, 'Audit du site', 1, 750.00),
(643, 65, 'Audit du site', 1, 750.00),
(644, 73, 'Acompte de 30% Optimisation site et hébergement', 1, 1950.00),
(645, 84, 'Solde sur intervention site + hébergement', 1, 3220.00),
(646, 95, 'Paiement sécurisé et anti bots', 1, 730.00),
(647, 121, 'Hébergement mensuel MAI et JUIN', 1, 1140.00),
(648, 82, '1er acompte sur le développement du site', 1, 8230.50),
(649, 107, '1er acompte sur le développement de votre site', 1, 1251.00),
(650, 129, 'Second acompte de 30% sur le développement du site', 1, 1251.00),
(651, 108, '1er acompte sur le développement de site', 1, 420.00),
(652, 145, '1er acompte sur le développement du site', 1, 3150.00),
(653, 175, '-', 1, 940.21),
(654, 174, '-', 1, 85.00),
(655, 171, '-', 1, 450.00),
(656, 170, '-', 1, 895.00),
(657, 169, '-', 1, 85.00),
(658, 162, '-', 1, 450.00),
(659, 161, '-', 1, 906.88),
(660, 160, '-', 1, 170.00),
(661, 150, '-', 1, 939.15),
(662, 149, '-', 1, 255.00),
(663, 179, '-', 1, 980.00),
(664, 173, '-', 1, 3940.00),
(665, 172, '-', 1, 3468.00),
(666, 168, '-', 1, 2870.00),
(667, 164, '-', 1, 350.00),
(668, 158, '-', 1, 2700.00),
(669, 151, '-', 1, 3075.00),
(670, 292, 'Acompte de 30% sur créa de contenus', 1, 2925.00),
(671, 295, '1er acompte de 30% sur le développement du site', 1, 3540.00),
(672, 296, '2ème acompte sur le développement du site', 1, 3540.00),
(674, 146, 'Shooting Juillet 2018 > 161 paires', 1, 1932.00),
(679, 147, 'Second acompte sur le développement de votre site', 1, 420.00),
(680, 148, 'Référencement du mois de juin', 1, 249.00),
(681, 325, '1er acompte sur le développement du site', 1, 570.00),
(682, 141, 'Gestion E-shop et MAJ de contenus / Forfait mensuel', 1, 960.00),
(683, 139, 'Développement du site', 1, 3600.00),
(684, 328, 'Acompte de 30% Shooting et créa brochure campagne 2019', 1, 1290.00),
(685, 142, 'Shooting IYU', 1, 3500.00),
(697, 336, 'Solde sur développement showroom varesano', 1, 2100.00),
(698, 335, 'Acompte de 30% sur développement showroom', 1, 900.00),
(699, 9, 'Solde sur logiciel', 1, 216.67),
(700, 39, 'Revenge - DMX', 1, 5000.00),
(701, 322, 'RS', 1, 2180.00),
(702, 75, 'Envoi Newsletter Breitling / Gestion E-shop et MAJ de contenus / Forfait mensuel / Conception et développement des pages e-shop ', 1, 3575.00),
(703, 323, 'Mois d''avril', 1, 2530.00),
(704, 96, 'Ajout de formulaires', 1, 350.00),
(705, 324, 'Gestion RS', 1, 2050.00),
(706, 111, 'Référencement du mois de mai', 1, 249.00),
(707, 112, 'Référencement du mois de juin', 1, 249.00),
(708, 116, '9ème mensualité sur 12', 1, 900.00),
(709, 327, 'Hébergement mensuel', 1, 570.00),
(722, 135, '10ème mensualité sur 12', 1, 900.00),
(723, 144, '5ème acompte sur site', 1, 600.00),
(730, 332, 'Gestion E-shop et MAJ de contenus / Forfait mensuel', 1, 960.00),
(731, 331, 'Shooting 09/05', 1, 300.00),
(732, 330, 'Shooting 19/04', 1, 300.00),
(733, 329, 'Shooting 13/04', 1, 300.00),
(734, 326, '11ème mensualité sur 12', 1, 900.00),
(735, 140, 'Déclinaison en anglais', 1, 450.00),
(736, 127, 'Sponorisation RS', 1, 2640.00),
(737, 125, '2ème acompte sur le développement du site', 1, 6858.75),
(738, 123, 'Impression panneaux', 1, 170.00),
(739, 122, 'Hébergement annuel', 1, 200.00),
(740, 120, 'Hébergement annuel', 1, 200.00),
(741, 119, 'Hébergement annuel', 1, 200.00),
(742, 106, 'Solde sur le développement du site', 1, 840.00),
(743, 104, 'Shooting', 1, 300.00),
(744, 103, 'Gestion RS', 1, 5254.00),
(745, 99, 'Acompte de 30% sur intervention de site', 1, 1260.00),
(746, 92, 'Intervention TAG, hack site', 1, 590.00),
(747, 90, 'Shooting Equipe', 1, 240.00),
(748, 64, 'Presta ooworx', 1, 790.00),
(749, 54, 'Impression Black Friday', 1, 220.00),
(784, 351, 'Hébergement mensuel', 1, 570.00),
(786, 347, 'Hébergement', 1, 200.00),
(787, 361, 'Développement du site', 1, 14000.00),
(788, 359, '2ème acompte sur site', 1, 3000.00),
(789, 344, '1er acompte de 30% sur le site', 1, 540.00),
(790, 340, 'Solde sur site', 1, 1668.00),
(791, 294, 'Audit du site', 1, 800.00),
(792, 339, '3ème acompte de 20% sur le développement du site', 1, 2360.00),
(793, 355, 'Acompte sur module', 1, 291.67),
(794, 137, 'Solde sur devis validé', 1, 2940.00),
(795, 138, 'Solde sur installation du serrveur', 1, 1960.00),
(796, 333, 'Hébergement / Maintenance', 1, 1025.00),
(797, 348, 'Remontée Elle store', 1, 90.00),
(799, 349, '1er acompte de 30% sur le développement du site', 1, 4140.00),
(809, 376, 'Prestation de référencement octobre - Mars', 1, 120.00),
(823, 346, '2ème acompte sur le développement du site', 1, 570.00),
(825, 350, 'Référencement du mois de septembre', 1, 249.00),
(826, 334, 'Shooting Août 2018', 1, 2748.00),
(827, 352, 'Hébergement, infogérance', 1, 1025.00),
(828, 363, 'Shooting 170 paires', 1, 2040.00),
(851, 337, 'Solde sur shooting et création de brochure', 1, 3010.00),
(852, 342, 'Ajout suite à urgence d''impression + sponso', 1, 1469.40),
(853, 378, 'Hébergement 2018-2019', 1, 150.00),
(854, 373, '2ème acompte sur le développement du site', 1, 3150.00),
(860, 287, 'Création du logo', 1, 400.00),
(861, 71, 'Solde sur site', 1, 1872.00),
(863, 353, '12ème mensualité sur 12', 1, 900.00),
(864, 393, 'Hébergement mensuel', 1, 570.00),
(866, 387, 'Frenchdays Newsletter', 1, 85.00),
(867, 388, 'Intervention RGPD', 1, 100.00),
(868, 394, 'Hébergement', 1, 1025.00),
(869, 394, 'Maintenance mensuelle', 1, 300.00),
(871, 401, 'Shooting 230 Paires', 230, 12.00),
(874, 367, '3ème acompte de 20% sur le développement du site', 1, 1760.00),
(878, 404, 'Achat module et confugration', 1, 240.00),
(879, 396, 'Gestion E-shop et MAJ de contenus / Forfait mensuel', 1, 960.00),
(880, 375, '2ème acompte sur le développement du site', 1, 540.00),
(881, 354, 'Gestion E-shop et MAJ de contenus / Forfait mensuel', 1, 960.00),
(882, 354, 'Instashop (pixel, feed, module)', 1, 300.00),
(883, 354, 'Création et développement de la page dédiée à l''exposition Tudor', 1, 230.00),
(884, 354, 'Newsletter dédiée exposition Tudor', 1, 85.00),
(885, 354, 'Création et développement de la page Garmin', 1, 230.00),
(886, 392, 'Hébergement mensuel', 1, 570.00),
(887, 380, 'Configuration Serveur', 1, 800.00),
(888, 380, 'Premier mois d''hébergement + infogérance', 1, 150.00),
(890, 368, 'Création graphique du flyer', 1, 250.00),
(891, 369, 'mise en place de l''eshop', 1, 390.00),
(893, 408, 'Création du logo', 1, 790.00),
(894, 402, 'Acompte de 50% sur la refonte et optimisation', 1, 1795.00),
(895, 381, 'Solde sur le développement de votre site', 1, 1080.00),
(896, 88, 'Shooting (12/04, 13/04, 19/04 et 09/05)', 1, 1200.00),
(897, 124, 'Gestion E-shop et MAJ de contenus / Forfait mensuel / Intégration et développement de la page PAMIGIANI / Newsletter VP', 1, 1340.00),
(898, 288, '1er acompte de 30% sur le développement du site', 1, 4110.00),
(900, 357, 'Impression tshirt', 1, 1200.00),
(901, 386, 'PO 4900532211 ACHAT DE PAIRES YUNG // Order refers to offer 181018-01', 1, 300.00),
(902, 397, 'Référencement du mois de juin', 1, 249.00),
(904, 409, 'Rééquélibrage montant reçu', 1, 1371.75),
(911, 143, 'Création Brand Content', 1, 1900.00),
(919, 136, 'Hébergement mensuel', 1, 570.00),
(920, 370, 'Mise en palce du système de raffle', 1, 850.00),
(924, 391, 'Solde sur site', 1, 1760.00),
(927, 415, 'Colissimo - Domicile et Points de Retrait', 1, 179.99),
(928, 415, 'Colissimo Etiquetage (Officiel) / Sonice', 1, 179.99),
(929, 412, 'Modification du module UPS pour livraison en magasin', 1, 600.00),
(930, 356, 'Solde sur module', 1, 358.33),
(931, 379, 'Hébergement 2018-2019', 1, 200.00),
(932, 223, '-', 1, 980.00),
(933, 189, '-', 1, 759.38),
(934, 190, '-', 1, 405.00),
(935, 216, '-', 1, 1564.00),
(936, 249, '-', 1, 2544.00),
(937, 252, '-', 1, 290.00),
(938, 266, '-', 1, 200.00),
(973, 406, 'Solde sur site', 1, 9800.00),
(1006, 418, 'Hébergement mensuel', 1, 570.00),
(1008, 426, 'Dossier d’écriture de la stratégie de communication Phase 1', 1, 400.00),
(1009, 374, 'Devis d''optimisation', 1, 820.00),
(1010, 400, '1er acompte de 30% sur le développement du site', 1, 2865.60),
(1011, 400, 'Installation de l''Instashop', 1, 360.00),
(1012, 420, 'Hébergement mensuel', 1, 570.00),
(1013, 413, 'Création d''une affiche de 8m² ', 1, 350.00),
(1014, 413, 'Création campagne digitale pour écran digitaux format vidéo 10 sec', 1, 700.00),
(1015, 413, 'Achat d''art', 1, 0.00),
(1016, 413, 'Montage vidéo et adaptation aux formats', 1, 400.00),
(1017, 414, '2ème acompte sur le développement de votre site', 1, 4140.00),
(1018, 419, 'Hébergement mensuel', 1, 570.00),
(1020, 395, 'Solde sur site', 1, 560.00),
(1027, 405, 'Solde sur le développement de vitre site', 1, 720.00),
(1028, 424, '1er acompte de 30% sur le développement', 1, 630.00),
(1029, 425, 'Packshot 29 références', 29, 16.00),
(1038, 435, '3ème acompte de 20%sur le développement du site', 1, 2760.00),
(1039, 433, '3ème acompte sur le développement du site', 1, 2100.00),
(1040, 407, 'Second acompte sur le développement du site', 1, 3333.33),
(1041, 358, 'Acompte sur site', 1, 3333.33),
(1045, 371, '1er acompte sur le développement du site', 1, 840.00),
(1046, 377, 'Hébergement 2018-2019', 1, 150.00),
(1047, 422, 'Référencement du mois de juin', 1, 249.00),
(1048, 411, '1er acompte de 30% sur le développement de votre site', 1, 2580.00),
(1049, 421, 'Gestion E-shop et MAJ de contenus / Forfait mensuel', 1, 895.00),
(1050, 421, 'Newsletter Dior', 1, 85.00),
(1051, 421, 'Newsletter Fred', 1, 85.00),
(1052, 421, 'Invitation Fred', 1, 85.00),
(1053, 421, 'Suppression du fond gris sur listing produits', 1, 0.00),
(1054, 421, 'Resizing des photos collections', 1, 0.00),
(1055, 362, 'Bandeau salon', 1, 160.00),
(1086, 364, 'Hébergement annuel', 1, 200.00),
(1105, 430, 'Accompagnement Conseil et animation commerciale OPS de Noël', 1, 480.00),
(1106, 430, 'Shooting 11 références', 11, 16.00),
(1107, 372, 'Intervention Tysilio', 1, 120.00),
(1108, 399, 'Mise en place de la version française du site tysilio', 1, 300.00),
(1109, 410, 'Shooting Photos Novembre', 81, 12.00),
(1110, 427, 'Acompte de 30% sur refonte graphique et optimisation du magento', 1, 3975.00),
(1111, 416, 'Newsletter Blackfriday', 1, 85.00),
(1112, 417, 'Hébergement ', 1, 1025.00),
(1113, 417, 'Maintenance ', 1, 300.00),
(1114, 448, 'Hébergement mensuel', 1, 570.00),
(1115, 389, 'Module UPS', 1, 228.00),
(1116, 390, 'Solde sur site', 1, 2360.00),
(1117, 445, 'Hébergement mensuel', 1, 570.00),
(1118, 453, 'Changement du nom de domaine principal du site Aspire en Vapro Distribution', 1, 550.00),
(1119, 441, 'Shooting 6 références Paniers', 6, 16.00),
(1120, 438, 'Accompagnement Conseil et animation commerciale du site autour de 2 OPS : Black Friday & Noël', 1, 384.00),
(1121, 436, 'Accompagnement Conseil et animation commerciale du site autour de 2 OPS : Black Friday & Noël', 1, 384.00),
(1124, 429, '1er acompte de 30% sur le développement du site Gazon synthétique', 1, 2940.00),
(1126, 450, 'Solde sur le développement de votre site', 1, 2760.00),
(1127, 450, 'Achat du module', 1, 19.00),
(1128, 450, 'Intervention exceptionnelle + Nouveautés HP + Module date de création produits', 1, 630.00),
(1129, 444, 'Hébergement mensuel', 1, 570.00),
(1130, 434, '1er acompte de 30% sur le développement du site ', 1, 615.00),
(1139, 432, 'Solde sur le développement du site Aspire', 1, 2933.33),
(1140, 432, 'Achat du module CIC', 1, 249.99),
(1141, 442, 'Solde sur le développement du site', 1, 2100.00),
(1142, 456, 'Intégration de 400 références produits', 1, 490.00),
(1148, 460, 'Installation & Configuration du Serveur dédié (remise 30%)', 1, 315.00),
(1149, 461, 'Accompagnement Conseil et animation commerciale Soldes', 1, 260.00),
(1150, 454, 'PURCHASE ORDER :  4900558188  // PROJET ELEARNING COURIR 2019 Order refers to offer 181217-0002 ', 1, 9100.00),
(1153, 455, 'Solde sur shooting', 1, 800.00),
(1154, 447, 'Hébergement mensuel et Maintenance', 1, 1325.00),
(1155, 447, 'Newsletter Saucony originals', 1, 85.00),
(1156, 398, '3ème acompte sur le développement du site', 1, 5487.00),
(1189, 469, 'Référencement mensuel mois de janvier', 1, 249.00),
(1190, 466, 'Installation instashop', 1, 450.00),
(1191, 482, 'Référencement Mars - Septembre 2019', 14, 50.00),
(1194, 443, 'Référencement mensuel mois de décembre', 1, 249.00),
(1195, 457, 'PURCHASE ORDER : 4900558188 // PROJET ELEARNING COURIR 2019 order refers to offer 181217-0001', 1, 16100.00),
(1197, 474, 'Hébergement mensuel', 1, 570.00),
(1198, 452, 'Rétrocession 20 % animation commerciale nov et déc 2018 - CA HT généré 1129€', 1, 225.00),
(1207, 481, 'Acompte de 30% sur les optimisations techniques et intégration fiches produits', 1, 438.00),
(1208, 477, 'Accompagnement Conseil et animation commerciale Saint Valentin ', 1, 290.00),
(1209, 488, 'Intervention Devis 190218-01', 1, 550.00),
(1216, 487, 'Installation des modules de relances automatiques', 1, 400.00),
(1217, 487, '1er mois d''activation', 1, 150.00),
(1218, 484, '2ème acompte de 30% sur le développement du site', 1, 2865.60),
(1219, 476, 'Accompagnement Conseil et animation commerciale WINTER', 1, 480.00),
(1220, 439, 'Gestion E-shop et MAJ de contenus / Forfait mensuel', 1, 895.00),
(1221, 439, 'Newsletter Noël', 1, 85.00),
(1222, 439, 'Hébergement mensuel', 1, 65.00),
(1223, 440, 'Optimisation SEO', 1, 1228.00),
(1224, 338, 'Solde sur le développement des site Eden et Je m''assure', 1, 1404.00),
(1234, 468, 'Accompagnement mensuel et hébergement', 1, 960.00),
(1239, 485, 'Acompte de 50% sur la mise en place de la passerelle Fastmag', 1, 1450.00),
(1244, 492, 'Second acompte de 30% sur le développement de votre site', 1, 615.00),
(1245, 431, 'Solde de 40% sur le développement du site', 1, 760.00),
(1246, 449, 'Création invitation', 1, 250.00),
(1247, 449, 'Bon cadeau digital', 1, 0.00),
(1251, 471, 'Hébergement mensuel', 1, 570.00),
(1252, 497, 'Hébergement mensuel et infogérance', 1, 570.00),
(1254, 512, 'Solde de 50% sur la mise en place de la passerelle Fastmag', 1, 1450.00),
(1255, 489, 'Second acompte de 30% sur le développement de votre site', 1, 2580.00),
(1256, 341, '3ème acompte de 20% sur le développement du site', 1, 1080.00),
(1271, 403, 'AVOIR Référencement 2018-2019 (6 mois)', 6, 199.00),
(1272, 80, 'Solde sur le développement du site', 1, 1778.00),
(1278, 514, 'Production vidéo institutionnelle de marque aux Roches Blanches en référence au devis du 05/02/18', 1, 8500.00),
(1282, 490, 'Second acompte de 30% sur refonte graphique et optimisation du magento', 1, 3975.00),
(1283, 493, 'Acompte de 50% sur module de Raffle', 1, 1200.00),
(1284, 494, 'Acompte de 50% sur le mise en place du devis 190214-01 ', 1, 540.00),
(1286, 498, 'Hébergement mensuel et infogérance', 1, 1325.00),
(1287, 486, 'PURCHASE ORDER : 4900573155 // ACHAT PAIRES POUR SHOOTING CONTINENTAL order refers to offer 190211-01', 1, 166.67),
(1288, 462, 'Intégration frais de port et investigation', 1, 50.00),
(1289, 462, 'Investigation Prix différent par pointure', 1, 150.00),
(1290, 463, 'Newsletter soldes', 1, 85.00),
(1291, 463, 'Release 1 & 2 février', 1, 85.00),
(1292, 473, 'Hébergement mensuel', 1, 1025.00),
(1293, 473, 'Maintenance', 1, 300.00),
(1294, 473, 'Intégration webgains', 1, 80.00),
(1295, 496, 'Hébergement mensuel', 1, 570.00),
(1296, 475, 'Hébergement mensuel', 1, 570.00),
(1297, 500, 'Hébergement mensuel et infogérance', 1, 570.00),
(1303, 519, '3ème acompte sur le développement du site', 1, 2580.00),
(1306, 522, 'Achat du module colissimo', 1, 188.00),
(1308, 509, 'Maintenance gestion de contenus 3 mois', 3, 59.00),
(1309, 467, 'Création plaquette', 1, 150.00),
(1311, 518, 'Fonctionnalité pour les Suisse ', 3, 60.00),
(1312, 518, 'Avertir l''utilisateur de quelle déclinaison du produit n''a pas assez de stock', 3, 60.00),
(1313, 499, 'Hébergement mensuel et infogérance', 1, 570.00),
(1315, 515, 'Référencement 2018-2019 (6 mois)', 6, 199.00),
(1317, 508, 'Transfert domaine et hébergement fneds.fr', 1, 90.00),
(1325, 478, 'Accompagnement Conseil et animation commerciale Saint Valentin', 1, 340.00),
(1326, 534, 'Accompagnement mensuel 1h pour gestion des contenus / Mois d''Avril', 1, 49.00),
(1327, 513, 'Modifications liées à la remontée d''informations sur les CA clients', 2, 62.00),
(1328, 513, 'Amélioration des filtres par prix ', 3, 62.00),
(1329, 513, 'Rajouter une colonne ID facture après les ID commandes dans la liste des commandes du backoffice', 3, 62.00),
(1330, 513, 'Bloquer les quantités maximum au moment de la mise au panier en fonction des stocks disponibles', 4, 62.00),
(1331, 513, 'Permettre l''export du CA HT et du CA TTC dans deux fichiers différents', 4, 62.00),
(1332, 513, 'Implanter dans votre Prestashop les filtres pour pouvoir faire une recherche sur les noms des entreprises.', 1, 62.00),
(1333, 513, 'Modifier les quantités au niveau du panier', 2, 62.00),
(1334, 513, 'Développement d''un module sur mesure 1 642,00 € 642,00 € permettant d''activer des bandeaux réassort nouveaux coloris, etc. Avec affectation manuelle du statut dans la fiche produit', 1, 642.00),
(1335, 513, 'Développement d''un module sur mesure 1 642,00 € 642,00 € permettant de générer automatiquement un avoir sur la globalité de la facture.', 1, 642.00),
(1336, 529, 'Hébergement mensuel et infogérance', 1, 570.00),
(1337, 530, 'Hébergement mensuel', 1, 570.00),
(1338, 531, 'Hébergement mensuel', 1, 570.00),
(1339, 504, '6 mois d''activation webmarketing', 6, 150.00),
(1340, 525, 'Maintenance corrective mensuelle // Mois de mars', 1, 59.00),
(1341, 528, 'Hébergement mensuel et infogérance ', 1, 570.00),
(1344, 536, 'Intervention sur site', 1, 59.00),
(1347, 538, 'Acompte sur améliorations du site', 1, 250.00),
(1350, 501, 'Accompagnement mensuel, hébergement mensuel, maintenance, refonte et optimisation', 1, 1385.00),
(1355, 506, 'Page decouvrez-oshibori-serviettes-rafraichissantes', 1, 150.00),
(1357, 459, 'Création d''une affiche de 12 m2', 1, 350.00),
(1358, 459, 'Création d''une campagne digitale vidéo pour caisse - format sec 20 secondes', 1, 300.00),
(1359, 459, 'Achat d''art', 2, 0.00),
(1360, 459, 'Montage vidéo studio et adaptation aux formats', 1, 200.00),
(1361, 544, '1er acompte de 30% sur le développement de votre site', 1, 630.00),
(1362, 543, 'Acompte de 50% sur l''écriture du dossier', 1, 1920.00),
(1364, 479, 'Solde de 50% sur la refonte et optimisation', 1, 1795.00),
(1365, 423, 'Achat Module UPS', 1, 130.00),
(1366, 423, 'Installation du module', 1, 200.00),
(1367, 510, 'PURCHASE ORDER : 4900582481 // ACHAT PAIRES POUR SHOOTING STAN SMITH BARBER SHOP Order refers to offer 190311-01', 1, 87.50),
(1369, 537, 'Acompte sur développement du site', 1, 1720.00),
(1370, 545, 'Solde sur le développement de votre site', 1, 1720.00),
(1372, 511, 'Acompte de 50% sur la prestation de SEO ', 1, 918.00),
(1373, 360, 'Hébergement ovh', 1, 130.00),
(1374, 437, 'Solde sur le développement du site et le shooting', 1, 353.33),
(1375, 541, 'Accompagnement eshop et brand content : banque d''image, RS et HP', 1, 1500.00),
(1377, 542, 'Hébergement mensuel et transfert du site', 1, 970.00),
(1378, 533, 'Accompagnement mensuel e-commerce / mensualité avril 2019', 1, 1000.00),
(1379, 540, '3ème acompte sur le développement du site', 1, 420.00),
(1399, 557, 'Maintenance mensuelle du site SO KID // Mois d''avril', 1, 169.00),
(1401, 507, 'Solde sur le développement du module de raffle', 1, 1200.00),
(1402, 505, 'Solde 50% sur le mise en place du devis 190214-01 ', 1, 540.00),
(1404, 526, 'Hébergement et maintenance du site Corner Street', 1, 1325.00),
(1406, 548, 'Installation fonctionnalité Instagram Shopping', 1, 480.00),
(1407, 524, 'Renouvellement de deux domaines : evenement-sud.com et.fr', 2, 25.00),
(1410, 554, 'Maintenance corrective mensuelle // Mois d''avril', 1, 59.00),
(1414, 470, 'Hébergement mensuel ', 1, 570.00),
(1415, 523, 'Maintenance mensuelmle du site SO KID // Mois de mars', 1, 169.00),
(1426, 562, 'Accompagnement mensuel e-commerce intégrant le référencement naturel et la mise en avant d''une offre commerciale sur la page d''accueil', 1, 1000.00),
(1429, 532, 'Accompagnement mensuel + hébergement +  infogérance et lissage mensuel de la refonte et optimisations', 1, 1385.00),
(1430, 561, 'Modifications de contenus sur le site : vidéo HP, réservation en ligne et nouvelles formules', 1, 190.00),
(1431, 561, 'Création de flats designs Réseaux sociaux : vague illimitée et soirée compétition', 2, 90.00),
(1434, 555, 'Référencement mensuel Avril', 1, 249.00),
(1435, 552, 'Hébergement mensuel et infogérance', 1, 570.00),
(1436, 553, 'Hébergement mensuel et infogérance', 1, 570.00),
(1437, 550, 'Hébergement mensuel et infogérance ', 1, 570.00),
(1438, 495, 'Référencement mensuel mois de mars', 1, 249.00),
(1439, 559, '2ème acompte de 30% sur le développement de votre site', 1, 2940.00),
(1440, 559, 'Achat module association produit pop up', 1, 59.00),
(1441, 520, '1er acompte de 30% sur le développement (8790*30%)', 1, 2637.00),
(1445, 568, 'Upgrade de la boite mail ==> 50 Go (pack annuel)', 1, 70.00),
(1448, 547, 'Accompagnement SEO - réalisation d''une page dédiée CARTIER', 1, 180.00),
(1449, 570, 'Animation commerciale fête des mères', 1, 190.00),
(1450, 570, 'Envoi de la newsletter dédiée à l''opération', 1, 85.00),
(1452, 572, 'Accompagnement eshop et brand content : banque d''image, RS et HP', 1, 1500.00),
(1453, 527, 'Référencement mensuel', 1, 249.00),
(1455, 574, 'Acompte de 50% sur la mise en place de la refonte de votre site', 1, 620.00),
(1456, 575, 'Accompagnement mensuel + hebergement + infogerance et lissage mensuel de la refonte et optimisations', 1, 1385.00),
(1457, 575, 'Newsletter Gucci', 1, 85.00),
(1458, 576, 'Augmentation de la capacité boite mail', 1, 50.00),
(1459, 571, 'Solde sur l''écriture du dossier', 1, 1920.00),
(1460, 503, 'Hébergement annuel du site', 1, 320.00),
(1461, 564, 'Solde sur le développement du site', 1, 5200.00),
(1462, 563, 'Création des cartes de Notes (recto/verso)', 1, 126.00),
(1463, 563, 'Refonte simple cartes de visites (recto/verso) ', 1, 63.00),
(1464, 517, 'Animation commerciale offre Printemps', 1, 190.00),
(1465, 517, 'Newsletter ', 1, 85.00),
(1469, 580, 'Maintenance mensuelle du site SO KID // Mois de mai', 1, 169.00),
(1472, 516, 'Tournage Clip vidéo', 1, 400.00),
(1473, 458, 'Newsletter Soldes', 1, 85.00),
(1474, 583, 'Hébergement annuel', 1, 200.00),
(1487, 586, 'Solde de 50% sur la prestation de SEO', 1, 918.00),
(1497, 585, 'Effet Hover Achat de module', 1, 29.99),
(1498, 585, 'Effet Hover Installation', 1, 31.00),
(1499, 585, 'rajouter la possibilité de créer des modèles', 3, 62.00),
(1500, 585, 'mettre par défaut un bandeau ', 1, 0.00),
(1501, 585, 'mettre le bandeaux en diagonale et nonen horizontale', 3, 62.00),
(1502, 585, 'Dissocier l''affichage des déclinaisons qui ne sont pas disponibles', 3, 62.00),
(1503, 585, 'Rajouter une colonne ', 3, 62.00),
(1504, 585, 'Réajuster l''affichage des prix en fonction de la personne connectée (barrer le prix initial et afficher le prix remisé)', 4, 62.00),
(1505, 585, 'Ajout du champs adresse et téléphone lors de l''inscription', 7, 62.00),
(1506, 587, 'Accompagnement mensuel e-commerce / mensualité juin 2019', 1, 1000.00),
(1507, 569, 'Prestation de conseil marketing', 1, 1115.00),
(1509, 588, 'Intervention d''urgence sur stock', 6, 62.00),
(1510, 480, 'Prorata hébergement janvier ', 1, 285.00),
(1511, 535, 'Finalisation du site', 1, 1910.40),
(1512, 582, 'Hébergement mensuel', 1, 570.00),
(1513, 577, 'Hébergement mensuel et infogérance', 1, 570.00),
(1514, 581, 'Hébergement mensuel et infogérance', 1, 570.00),
(1516, 578, 'Référencement Mensuel Mois de mai', 1, 249.00),
(1517, 549, 'Fidélisation parainage', 1, 59.99),
(1518, 549, 'Passerelle EBP', 1, 699.99),
(1519, 549, 'Colissimo Pack logistique', 1, 199.99),
(1520, 549, 'GLS', 1, 29.99),
(1521, 565, 'Solde sur le développement du site', 1, 420.00),
(1527, 591, 'Maintenance corrective mensuelle // Mois de juin', 1, 59.00),
(1529, 593, 'Solde surle développement de votre site', 1, 1962.00),
(1530, 593, 'Achat du module "Chèque en 3 fois"', 1, 39.99),
(1531, 593, 'Installation ', 1, 0.00),
(1536, 596, 'Newsletter Oméga', 1, 85.00),
(1537, 596, 'Newsletter Rolex', 1, 85.00),
(1538, 596, 'Newsletter Chanel', 1, 85.00),
(1539, 597, 'Accompagnement mensuel, hébergement mensuel, maintenance, refonte et optimisation', 1, 1385.00),
(1541, 599, '2ème acompte de 20% sur le développement', 1, 1758.00),
(1542, 502, 'Hébergement 2019-2020', 1, 200.00),
(1543, 584, 'Hébergement annuel', 1, 200.00),
(1545, 483, 'Hébergement annuel 2019-2020', 1, 200.00),
(1560, 607, '2ème acompte pour le développement du site', 1, 3930.00),
(1562, 608, 'Premier Acompte de 30% pour le développement du site', 1, 510.00),
(1563, 609, 'Hébergement mensuel et infogérance // mois de juin', 1, 1325.00),
(1564, 601, 'Shooting Jean', 1, 90.00),
(1566, 610, 'Maintenance So Kid', 1, 169.00),
(1567, 611, 'Création spécifique de visuel évènement', 6, 150.00),
(1568, 539, 'Accompagnement mensuel + hebergement + infogerance et lissage mensuel de la refonte et optimisations // Mois d''avril ', 1, 1385.00),
(1569, 539, 'Newsletter Chaumet', 1, 85.00),
(1570, 602, 'Campagne SEO', 1, 10000.00),
(1571, 595, 'Hébergement mensuel & Infogérance', 1, 570.00),
(1572, 603, 'Hébergement mensuel & Infogérance', 1, 570.00),
(1573, 598, 'Hébergement mensuel', 1, 570.00),
(1574, 600, 'Intervention technique', 1, 59.00),
(1575, 594, 'Installation et configuration du module de remises en fonction du nombre de produits achetés', 1, 254.00),
(1576, 594, 'Modification du zoom photo', 1, 50.00),
(1577, 594, 'Achat et installation du module de suggestions produits', 1, 109.00),
(1578, 590, '3ème acompte sur le développement du site', 1, 1763.00),
(1579, 590, 'Achat du module de Géodis', 1, 69.00),
(1580, 573, 'Installation du logiciel de facturation', 1, 650.00),
(1581, 464, 'Mise au format du logo', 1, 90.00),
(1583, 546, '3ème acompte sur la refonte de votre site', 1, 2650.00),
(1584, 551, 'Hébergement mensuel et infogérance', 1, 1325.00),
(1585, 558, 'Solde sur le développement de votre site (Remise de 30% appliquée)', 1, 1855.00),
(1586, 579, 'Hébergement mensuel et infogérance // mois de mai', 1, 1325.00),
(1587, 592, 'Mise en place des ventes privées ', 1, 280.00),
(1588, 566, 'Mise en place de la passerelle Adaptimmo', 1, 2000.00),
(1589, 567, 'Logo EPIC ', 1, 500.00),
(1590, 567, 'Perspective affichage', 1, 300.00),
(1595, 613, '1er acompte création du site internet', 1, 1314.00),
(1596, 612, 'Référencement Naturel mois de Juin', 1, 249.00),
(1597, 614, '1er acompte de 25% sur le développement du site', 1, 542.50),
(1601, 366, 'Solde site', 1, 400.00),
(1602, 521, 'Ajustement du site Je m''asure selon brief', 1, 400.00),
(1613, 606, 'Accompagnement Social Media', 3, 520.00),
(1614, 617, '1er acompte refonte du site 45%', 1, 656.00),
(1615, 618, 'Intervention sur le module "Payer par téléphone"', 1, 216.00),
(1616, 616, 'Intervention sur la traduction du menu', 1, 70.00),
(1617, 616, 'Modification de la page univers', 1, 140.00),
(1618, 589, '1er acompte de 30% sur le développement du site', 1, 2145.00),
(1619, 619, 'Automatisation des codes ISO pour numéro de TVA', 1, 612.00);

-- --------------------------------------------------------

--
-- Structure de la table `Marges_Config`
--

CREATE TABLE IF NOT EXISTS `Marges_Config` (
  `id` int(11) NOT NULL COMMENT '(0 = Frais Internes)',
  `nom` varchar(255) NOT NULL,
  `taux_horaire` int(255) NOT NULL
) ENGINE=InnoDB AUTO_INCREMENT=8 DEFAULT CHARSET=utf8;

--
-- Contenu de la table `Marges_Config`
--

INSERT INTO `Marges_Config` (`id`, `nom`, `taux_horaire`) VALUES
(0, 'Frais internes', 20),
(1, 'Caro', 26),
(2, 'Yann', 26),
(3, 'Maud', 26),
(4, 'Tolga', 22),
(5, 'Cécile', 20),
(6, 'Antoine', 18),
(7, 'Hugo', 26);

-- --------------------------------------------------------

--
-- Structure de la table `Marges_DB`
--

CREATE TABLE IF NOT EXISTS `Marges_DB` (
  `id` int(11) NOT NULL,
  `id_facture` int(255) NOT NULL,
  `id_intervenant` int(255) NOT NULL,
  `taux_horaire` int(255) NOT NULL,
  `heures` int(255) NOT NULL
) ENGINE=InnoDB AUTO_INCREMENT=1406 DEFAULT CHARSET=utf8;

--
-- Contenu de la table `Marges_DB`
--

INSERT INTO `Marges_DB` (`id`, `id_facture`, `id_intervenant`, `taux_horaire`, `heures`) VALUES
(4, 2, 1, 26, 0),
(7, 3, 1, 26, 0),
(9, 4, 1, 26, 0),
(12, 5, 1, 26, 0),
(14, 6, 1, 26, 0),
(15, 1, 1, 26, 0),
(17, 7, 1, 26, 0),
(20, 8, 1, 26, 0),
(24, 10, 1, 26, 0),
(27, 12, 1, 26, 0),
(29, 13, 1, 26, 0),
(38, 14, 1, 26, 0),
(40, 15, 1, 26, 0),
(42, 16, 1, 26, 0),
(44, 17, 1, 26, 0),
(46, 18, 1, 26, 0),
(66, 30, 1, 26, 0),
(91, 53, 1, 26, 0),
(140, 100, 1, 26, 0),
(340, 286, 1, 26, 0),
(385, 11, 1, 26, 0),
(394, 22, 1, 26, 0),
(395, 25, 1, 26, 0),
(396, 42, 1, 26, 0),
(397, 67, 1, 26, 0),
(398, 105, 1, 26, 0),
(399, 154, 1, 26, 0),
(400, 181, 1, 26, 0),
(401, 183, 1, 26, 0),
(402, 194, 1, 26, 0),
(403, 205, 1, 26, 0),
(404, 213, 1, 26, 0),
(405, 220, 1, 26, 0),
(406, 233, 1, 26, 0),
(407, 256, 1, 26, 0),
(408, 265, 1, 26, 0),
(409, 269, 1, 26, 0),
(411, 275, 1, 26, 0),
(412, 274, 1, 26, 0),
(413, 278, 1, 26, 0),
(414, 279, 1, 26, 0),
(415, 280, 1, 26, 0),
(416, 282, 1, 26, 0),
(417, 283, 1, 26, 0),
(418, 284, 1, 26, 0),
(419, 24, 1, 26, 0),
(420, 43, 1, 26, 0),
(421, 66, 1, 26, 0),
(422, 74, 1, 26, 0),
(423, 79, 1, 26, 0),
(424, 86, 1, 26, 0),
(425, 128, 1, 26, 0),
(427, 180, 1, 26, 0),
(428, 193, 1, 26, 0),
(429, 204, 1, 26, 0),
(430, 209, 1, 26, 0),
(431, 219, 1, 26, 0),
(432, 231, 1, 26, 0),
(433, 254, 1, 26, 0),
(434, 267, 1, 26, 0),
(435, 270, 1, 26, 0),
(436, 271, 1, 26, 0),
(437, 273, 1, 26, 0),
(438, 277, 1, 26, 0),
(439, 281, 1, 26, 0),
(440, 237, 1, 26, 0),
(441, 242, 1, 26, 0),
(442, 272, 1, 26, 0),
(443, 276, 1, 26, 0),
(444, 285, 1, 26, 0),
(445, 38, 1, 26, 0),
(446, 152, 1, 26, 0),
(447, 155, 1, 26, 0),
(448, 165, 1, 26, 0),
(449, 176, 1, 26, 0),
(450, 153, 1, 26, 0),
(451, 156, 1, 26, 0),
(452, 157, 1, 26, 0),
(453, 166, 1, 26, 0),
(454, 177, 1, 26, 0),
(455, 191, 1, 26, 0),
(456, 215, 1, 26, 0),
(457, 26, 1, 26, 0),
(458, 44, 1, 26, 0),
(459, 159, 1, 26, 0),
(460, 167, 1, 26, 0),
(461, 178, 1, 26, 0),
(462, 182, 1, 26, 0),
(463, 195, 1, 26, 0),
(464, 206, 1, 26, 0),
(465, 214, 1, 26, 0),
(467, 221, 1, 26, 0),
(468, 232, 1, 26, 0),
(469, 255, 1, 26, 0),
(470, 268, 1, 26, 0),
(471, 163, 1, 26, 0),
(472, 198, 1, 26, 0),
(473, 224, 1, 26, 0),
(474, 184, 1, 26, 0),
(475, 115, 1, 26, 0),
(476, 21, 1, 26, 0),
(477, 23, 1, 26, 0),
(478, 102, 1, 26, 0),
(479, 185, 1, 26, 0),
(480, 199, 1, 26, 0),
(481, 210, 1, 26, 0),
(482, 186, 1, 26, 0),
(483, 212, 1, 26, 0),
(484, 52, 1, 26, 0),
(485, 76, 1, 26, 0),
(486, 188, 1, 26, 0),
(487, 187, 1, 26, 0),
(488, 196, 1, 26, 0),
(489, 207, 1, 26, 0),
(491, 250, 1, 26, 0),
(494, 19, 1, 26, 0),
(495, 50, 1, 26, 0),
(496, 70, 1, 26, 0),
(497, 93, 1, 26, 0),
(498, 94, 1, 26, 0),
(499, 113, 1, 26, 0),
(500, 126, 1, 26, 0),
(501, 192, 1, 26, 0),
(502, 260, 1, 26, 0),
(503, 291, 1, 26, 0),
(504, 197, 1, 26, 0),
(505, 203, 1, 26, 0),
(506, 290, 1, 26, 0),
(507, 200, 1, 26, 0),
(508, 36, 1, 26, 0),
(509, 60, 1, 26, 0),
(510, 222, 1, 26, 0),
(511, 258, 1, 26, 0),
(512, 29, 1, 26, 0),
(513, 202, 1, 26, 0),
(514, 240, 1, 26, 0),
(515, 257, 1, 26, 0),
(516, 264, 1, 26, 0),
(517, 201, 1, 26, 0),
(518, 234, 1, 26, 0),
(519, 208, 1, 26, 0),
(520, 211, 1, 26, 0),
(521, 46, 1, 26, 0),
(522, 217, 1, 26, 0),
(523, 244, 1, 26, 0),
(524, 35, 1, 26, 0),
(525, 62, 1, 26, 0),
(526, 83, 1, 26, 0),
(527, 134, 1, 26, 0),
(528, 218, 1, 26, 0),
(529, 235, 1, 26, 0),
(530, 248, 1, 26, 0),
(531, 33, 1, 26, 0),
(532, 56, 1, 26, 0),
(533, 69, 1, 26, 0),
(534, 91, 1, 26, 0),
(535, 226, 1, 26, 0),
(536, 245, 1, 26, 0),
(537, 263, 1, 26, 0),
(538, 225, 1, 26, 0),
(539, 236, 1, 26, 0),
(540, 239, 1, 26, 0),
(541, 85, 1, 26, 0),
(543, 227, 1, 26, 0),
(544, 228, 1, 26, 0),
(546, 251, 1, 26, 0),
(547, 40, 1, 26, 0),
(548, 98, 1, 26, 0),
(549, 229, 1, 26, 0),
(550, 78, 1, 26, 0),
(551, 230, 1, 26, 0),
(552, 20, 1, 26, 0),
(553, 41, 1, 26, 0),
(554, 47, 1, 26, 0),
(555, 238, 1, 26, 0),
(556, 49, 1, 26, 0),
(557, 63, 1, 26, 0),
(560, 241, 1, 26, 0),
(561, 262, 1, 26, 0),
(562, 27, 1, 26, 0),
(563, 243, 1, 26, 0),
(564, 246, 1, 26, 0),
(565, 34, 1, 26, 0),
(566, 97, 1, 26, 0),
(568, 247, 1, 26, 0),
(569, 253, 1, 26, 0),
(570, 289, 1, 26, 0),
(571, 259, 1, 26, 0),
(572, 72, 1, 26, 0),
(573, 101, 1, 26, 0),
(574, 114, 1, 26, 0),
(575, 261, 1, 26, 0),
(576, 81, 1, 26, 0),
(577, 28, 1, 26, 0),
(578, 55, 1, 26, 0),
(579, 87, 1, 26, 0),
(580, 117, 1, 26, 0),
(581, 31, 1, 26, 0),
(582, 109, 1, 26, 0),
(583, 110, 1, 26, 0),
(584, 130, 1, 26, 0),
(585, 131, 1, 26, 0),
(586, 133, 1, 26, 0),
(587, 32, 1, 26, 0),
(589, 68, 1, 26, 0),
(590, 37, 1, 26, 0),
(591, 45, 1, 26, 0),
(592, 48, 1, 26, 0),
(593, 51, 1, 26, 0),
(594, 293, 1, 26, 0),
(595, 297, 1, 26, 0),
(596, 57, 1, 26, 0),
(597, 89, 1, 26, 0),
(598, 58, 1, 26, 0),
(599, 59, 1, 26, 0),
(600, 77, 1, 26, 0),
(601, 118, 1, 26, 0),
(602, 132, 1, 26, 0),
(603, 61, 1, 26, 0),
(604, 65, 1, 26, 0),
(605, 73, 1, 26, 0),
(606, 84, 1, 26, 0),
(607, 95, 1, 26, 0),
(608, 121, 1, 26, 0),
(609, 82, 1, 26, 0),
(610, 107, 1, 26, 0),
(611, 129, 1, 26, 0),
(612, 108, 1, 26, 0),
(613, 145, 1, 26, 0),
(614, 175, 1, 26, 0),
(615, 174, 1, 26, 0),
(616, 171, 1, 26, 0),
(617, 170, 1, 26, 0),
(618, 169, 1, 26, 0),
(619, 162, 1, 26, 0),
(620, 161, 1, 26, 0),
(621, 160, 1, 26, 0),
(622, 150, 1, 26, 0),
(623, 149, 1, 26, 0),
(624, 179, 1, 26, 0),
(625, 173, 1, 26, 0),
(626, 172, 1, 26, 0),
(627, 168, 1, 26, 0),
(628, 164, 1, 26, 0),
(629, 158, 1, 26, 0),
(630, 151, 1, 26, 0),
(631, 292, 1, 26, 0),
(632, 295, 1, 26, 0),
(633, 296, 1, 26, 0),
(635, 146, 1, 26, 0),
(640, 147, 1, 26, 0),
(641, 148, 1, 26, 1),
(642, 325, 5, 20, 1),
(643, 141, 1, 26, 0),
(644, 139, 1, 26, 0),
(645, 328, 1, 26, 0),
(646, 142, 1, 26, 0),
(658, 336, 1, 26, 0),
(659, 335, 1, 26, 0),
(660, 9, 1, 26, 0),
(661, 39, 1, 26, 0),
(662, 322, 2, 26, 0),
(663, 75, 1, 26, 0),
(664, 323, 1, 26, 0),
(665, 96, 1, 26, 0),
(666, 324, 1, 26, 0),
(667, 111, 1, 26, 0),
(668, 112, 1, 26, 0),
(669, 116, 1, 26, 0),
(670, 327, 1, 26, 0),
(683, 135, 5, 20, 8),
(684, 135, 1, 26, 1),
(685, 144, 1, 26, 0),
(692, 332, 1, 26, 0),
(693, 331, 1, 26, 0),
(694, 330, 1, 26, 0),
(695, 329, 1, 26, 0),
(696, 326, 1, 26, 0),
(697, 140, 1, 26, 0),
(698, 127, 1, 26, 0),
(699, 125, 1, 26, 0),
(700, 123, 1, 26, 0),
(701, 122, 1, 26, 0),
(702, 120, 1, 26, 0),
(703, 119, 1, 26, 0),
(704, 106, 1, 26, 0),
(705, 104, 1, 26, 0),
(706, 103, 1, 26, 0),
(707, 99, 1, 26, 0),
(708, 92, 1, 26, 0),
(709, 90, 1, 26, 0),
(710, 64, 1, 26, 0),
(711, 54, 1, 26, 0),
(742, 351, 1, 26, 0),
(744, 347, 1, 26, 0),
(745, 361, 1, 26, 0),
(746, 359, 1, 26, 0),
(747, 344, 1, 26, 0),
(748, 340, 1, 26, 0),
(749, 294, 1, 26, 0),
(750, 339, 1, 26, 0),
(751, 355, 1, 26, 0),
(752, 137, 1, 26, 0),
(753, 138, 1, 26, 0),
(754, 333, 1, 26, 0),
(755, 348, 1, 26, 0),
(757, 349, 1, 26, 0),
(767, 376, 0, 26, 0),
(775, 346, 1, 26, 0),
(777, 350, 1, 26, 0),
(778, 334, 1, 26, 0),
(779, 352, 1, 26, 0),
(780, 363, 1, 26, 0),
(801, 337, 1, 26, 0),
(802, 342, 1, 26, 0),
(803, 378, 1, 26, 0),
(804, 373, 4, 22, 10),
(808, 287, 1, 26, 0),
(809, 71, 1, 26, 0),
(811, 353, 1, 26, 0),
(812, 393, 1, 26, 0),
(814, 387, 1, 26, 0),
(815, 388, 1, 26, 0),
(816, 394, 1, 26, 0),
(818, 396, 1, 26, 0),
(819, 375, 5, 20, 5),
(820, 354, 1, 26, 0),
(821, 392, 1, 26, 0),
(822, 380, 4, 22, 5),
(824, 368, 5, 20, 1),
(825, 369, 5, 20, 2),
(828, 408, 3, 26, 2),
(829, 408, 5, 20, 4),
(830, 402, 4, 22, 10),
(831, 381, 5, 20, 15),
(832, 88, 1, 26, 1),
(833, 124, 1, 26, 0),
(834, 288, 1, 26, 0),
(836, 357, 1, 26, 0),
(837, 386, 1, 26, 0),
(838, 397, 1, 26, 0),
(840, 409, 1, 26, 0),
(847, 143, 1, 26, 0),
(852, 136, 1, 26, 0),
(853, 370, 3, 26, 10),
(856, 391, 4, 22, 10),
(858, 415, 4, 22, 0),
(859, 412, 4, 22, 6),
(860, 356, 1, 26, 0),
(861, 379, 1, 26, 1),
(862, 223, 1, 26, 0),
(863, 189, 1, 26, 0),
(864, 190, 1, 26, 0),
(865, 216, 1, 26, 0),
(866, 249, 1, 26, 0),
(867, 252, 1, 26, 0),
(868, 266, 1, 26, 0),
(913, 418, 4, 22, 1),
(916, 426, 3, 26, 4),
(917, 374, 4, 22, 10),
(918, 400, 1, 26, 0),
(919, 420, 4, 22, 1),
(920, 413, 3, 26, 2),
(921, 413, 5, 20, 4),
(922, 414, 5, 20, 10),
(923, 419, 4, 22, 1),
(925, 395, 1, 26, 0),
(940, 405, 5, 20, 2),
(941, 424, 5, 20, 6),
(942, 425, 3, 26, 1),
(943, 425, 5, 20, 1),
(953, 435, 4, 22, 8),
(954, 435, 5, 20, 10),
(955, 433, 5, 20, 15),
(956, 407, 1, 26, 0),
(957, 358, 1, 26, 0),
(961, 371, 5, 20, 1),
(962, 377, 1, 26, 0),
(963, 422, 1, 26, 0),
(964, 411, 1, 26, 4),
(965, 421, 3, 39, 2),
(966, 421, 5, 20, 2),
(967, 362, 1, 26, 0),
(996, 364, 0, 26, 0),
(1007, 430, 3, 26, 2),
(1008, 430, 5, 20, 4),
(1009, 372, 5, 20, 2),
(1010, 399, 1, 26, 0),
(1011, 410, 1, 26, 0),
(1012, 427, 1, 26, 3),
(1013, 427, 3, 26, 1),
(1014, 427, 5, 20, 6),
(1015, 416, 5, 20, 1),
(1016, 417, 4, 22, 4),
(1017, 448, 1, 26, 0),
(1018, 389, 1, 26, 0),
(1019, 390, 1, 26, 0),
(1020, 445, 4, 22, 4),
(1021, 453, 4, 22, 2),
(1022, 453, 1, 26, 1),
(1023, 441, 3, 26, 1),
(1024, 441, 5, 20, 1),
(1025, 438, 5, 20, 4),
(1026, 436, 3, 26, 3),
(1029, 429, 1, 26, 2),
(1031, 450, 4, 22, 10),
(1032, 444, 4, 22, 3),
(1033, 434, 5, 20, 4),
(1039, 432, 5, 20, 10),
(1040, 432, 4, 22, 15),
(1041, 442, 4, 22, 4),
(1042, 442, 5, 20, 4),
(1043, 442, 6, 18, 6),
(1044, 456, 6, 18, 3),
(1048, 460, 4, 22, 0),
(1049, 461, 5, 20, 2),
(1050, 454, 3, 26, 10),
(1053, 455, 3, 26, 2),
(1054, 447, 4, 22, 3),
(1055, 398, 1, 26, 0),
(1086, 469, 0, 26, 0),
(1087, 466, 4, 22, 2),
(1088, 482, 0, 26, 0),
(1089, 457, 3, 26, 5),
(1090, 452, 3, 26, 0),
(1096, 481, 3, 26, 1),
(1097, 477, 3, 26, 1),
(1098, 477, 5, 20, 3),
(1099, 488, 0, 26, 0),
(1104, 476, 5, 20, 2),
(1105, 439, 3, 26, 2),
(1106, 439, 5, 20, 4),
(1107, 440, 4, 22, 10),
(1108, 440, 3, 26, 1),
(1109, 338, 1, 26, 0),
(1119, 468, 5, 20, 2),
(1120, 468, 3, 26, 2),
(1128, 492, 5, 20, 2),
(1129, 431, 5, 20, 8),
(1130, 449, 4, 22, 2),
(1133, 497, 4, 22, 1),
(1135, 512, 0, 26, 0),
(1136, 489, 5, 20, 10),
(1137, 341, 1, 26, 0),
(1141, 403, 1, 26, 1),
(1142, 80, 1, 26, 0),
(1144, 514, 0, 26, 0),
(1147, 490, 5, 20, 4),
(1148, 493, 4, 22, 4),
(1149, 494, 1, 26, 3),
(1150, 486, 0, 26, 0),
(1151, 462, 3, 26, 2),
(1152, 463, 5, 20, 1),
(1153, 473, 4, 22, 2),
(1154, 475, 4, 22, 2),
(1155, 500, 4, 22, 1),
(1159, 519, 5, 20, 10),
(1162, 522, 0, 26, 0),
(1164, 509, 3, 26, 1),
(1165, 467, 3, 26, 1),
(1166, 467, 5, 20, 1),
(1168, 518, 4, 22, 3),
(1169, 499, 1, 26, 1),
(1171, 515, 1, 26, 1),
(1173, 508, 1, 26, 1),
(1181, 478, 3, 26, 1),
(1182, 478, 5, 20, 1),
(1183, 534, 0, 26, 0),
(1184, 513, 3, 26, 20),
(1185, 529, 1, 26, 1),
(1186, 530, 1, 26, 1),
(1187, 531, 1, 26, 1),
(1188, 504, 1, 26, 1),
(1189, 525, 1, 26, 1),
(1190, 528, 1, 26, 1),
(1193, 536, 5, 20, 1),
(1196, 538, 1, 26, 1),
(1198, 501, 1, 26, 1),
(1203, 506, 4, 22, 1),
(1205, 459, 5, 20, 2),
(1206, 544, 5, 20, 0),
(1207, 543, 3, 26, 10),
(1209, 479, 4, 22, 1),
(1210, 423, 4, 22, 1),
(1211, 510, 1, 26, 1),
(1213, 537, 5, 20, 10),
(1214, 545, 5, 20, 3),
(1216, 511, 3, 26, 1),
(1217, 360, 1, 26, 0),
(1218, 437, 5, 20, 2),
(1219, 541, 3, 26, 1),
(1221, 542, 4, 22, 1),
(1222, 533, 5, 20, 1),
(1223, 540, 5, 20, 10),
(1235, 557, 4, 22, 1),
(1237, 507, 4, 22, 1),
(1238, 505, 4, 22, 2),
(1240, 526, 4, 22, 1),
(1242, 548, 3, 26, 1),
(1243, 524, 1, 26, 1),
(1246, 554, 5, 20, 1),
(1249, 470, 1, 26, 1),
(1250, 523, 4, 22, 3),
(1258, 562, 3, 26, 1),
(1260, 532, 3, 26, 1),
(1261, 561, 5, 20, 1),
(1264, 555, 5, 20, 1),
(1265, 552, 1, 26, 1),
(1266, 553, 1, 26, 1),
(1267, 550, 1, 26, 1),
(1268, 495, 1, 26, 1),
(1269, 559, 5, 20, 15),
(1270, 520, 5, 20, 15),
(1275, 568, 0, 26, 0),
(1278, 547, 3, 26, 1),
(1279, 570, 5, 20, 1),
(1281, 572, 3, 26, 4),
(1282, 527, 3, 26, 1),
(1284, 574, 5, 20, 10),
(1285, 575, 5, 20, 2),
(1286, 575, 3, 26, 2),
(1287, 576, 0, 26, 0),
(1288, 571, 2, 26, 2),
(1289, 503, 1, 26, 1),
(1290, 564, 1, 26, 20),
(1291, 563, 5, 20, 1),
(1292, 517, 5, 20, 0),
(1296, 580, 4, 22, 2),
(1299, 516, 1, 26, 1),
(1300, 458, 3, 26, 1),
(1301, 583, 1, 26, 0),
(1305, 586, 0, 26, 0),
(1307, 585, 4, 22, 10),
(1308, 587, 0, 26, 0),
(1309, 569, 1, 26, 1),
(1311, 588, 4, 22, 4),
(1312, 480, 1, 26, 1),
(1313, 535, 5, 20, 10),
(1314, 582, 1, 26, 1),
(1315, 577, 1, 26, 1),
(1316, 581, 1, 26, 1),
(1318, 578, 1, 26, 1),
(1319, 549, 1, 26, 1),
(1320, 565, 5, 20, 1),
(1325, 591, 1, 26, 1),
(1327, 593, 5, 20, 10),
(1330, 596, 1, 26, 0),
(1331, 597, 1, 26, 0),
(1333, 599, 1, 26, 0),
(1334, 502, 1, 26, 0),
(1335, 584, 1, 26, 0),
(1337, 483, 4, 22, 1),
(1349, 607, 1, 26, 0),
(1351, 608, 1, 26, 1),
(1352, 609, 0, 26, 0),
(1353, 601, 5, 20, 1),
(1355, 610, 1, 26, 0),
(1356, 611, 1, 26, 0),
(1357, 539, 3, 26, 1),
(1358, 602, 1, 26, 0),
(1359, 595, 1, 26, 0),
(1360, 603, 1, 26, 1),
(1361, 598, 1, 26, 0),
(1362, 600, 1, 26, 0),
(1363, 594, 1, 26, 0),
(1364, 590, 1, 26, 0),
(1365, 573, 5, 20, 2),
(1366, 464, 5, 20, 1),
(1368, 546, 4, 22, 10),
(1369, 551, 3, 26, 1),
(1370, 558, 4, 22, 10),
(1371, 579, 1, 26, 1),
(1372, 592, 4, 22, 2),
(1373, 566, 4, 22, 14),
(1374, 566, 5, 20, 7),
(1375, 567, 3, 26, 4),
(1376, 567, 5, 20, 8),
(1381, 613, 1, 26, 2),
(1382, 612, 1, 26, 0),
(1383, 614, 1, 26, 1),
(1387, 366, 5, 20, 2),
(1388, 521, 5, 20, 2),
(1399, 606, 1, 26, 0),
(1400, 617, 5, 20, 1),
(1401, 618, 4, 22, 1),
(1402, 616, 4, 22, 1),
(1403, 616, 5, 20, 1),
(1404, 589, 1, 26, 2),
(1405, 619, 4, 22, 2);

-- --------------------------------------------------------

--
-- Structure de la table `Marges_externalisation`
--

CREATE TABLE IF NOT EXISTS `Marges_externalisation` (
  `id` int(255) NOT NULL,
  `id_facture` int(255) NOT NULL,
  `montant` float(30,2) NOT NULL
) ENGINE=InnoDB AUTO_INCREMENT=630 DEFAULT CHARSET=utf8;

--
-- Contenu de la table `Marges_externalisation`
--

INSERT INTO `Marges_externalisation` (`id`, `id_facture`, `montant`) VALUES
(1, 1, 0.00),
(2, 2, 0.00),
(3, 3, 0.00),
(4, 4, 0.00),
(5, 5, 0.00),
(6, 6, 0.00),
(7, 7, 0.00),
(8, 8, 0.00),
(9, 9, 0.00),
(10, 10, 0.00),
(11, 11, 0.00),
(12, 12, 0.00),
(13, 13, 0.00),
(14, 14, 0.00),
(21, 15, 0.00),
(22, 16, 0.00),
(23, 17, 0.00),
(24, 18, 0.00),
(26, 19, 0.00),
(27, 20, 0.00),
(28, 21, 0.00),
(29, 22, 0.00),
(30, 23, 0.00),
(31, 24, 0.00),
(32, 25, 0.00),
(33, 26, 0.00),
(34, 27, 0.00),
(35, 28, 0.00),
(36, 29, 0.00),
(37, 30, 0.00),
(38, 31, 0.00),
(39, 32, 0.00),
(40, 33, 0.00),
(41, 34, 0.00),
(42, 35, 0.00),
(43, 36, 0.00),
(44, 37, 0.00),
(45, 38, 0.00),
(46, 39, 0.00),
(47, 40, 0.00),
(48, 41, 0.00),
(49, 42, 0.00),
(50, 43, 0.00),
(51, 44, 0.00),
(52, 45, 0.00),
(53, 46, 0.00),
(54, 47, 0.00),
(55, 48, 0.00),
(56, 49, 0.00),
(57, 50, 0.00),
(58, 51, 0.00),
(59, 52, 0.00),
(60, 53, 0.00),
(61, 54, 0.00),
(62, 55, 0.00),
(63, 56, 0.00),
(64, 57, 0.00),
(65, 58, 0.00),
(66, 59, 0.00),
(67, 60, 0.00),
(68, 61, 0.00),
(69, 62, 0.00),
(70, 63, 0.00),
(71, 64, 0.00),
(72, 65, 0.00),
(73, 66, 0.00),
(74, 67, 0.00),
(75, 68, 0.00),
(76, 69, 0.00),
(77, 70, 0.00),
(78, 71, 0.00),
(79, 72, 0.00),
(80, 73, 0.00),
(81, 74, 0.00),
(82, 75, 0.00),
(83, 76, 0.00),
(84, 77, 0.00),
(85, 78, 0.00),
(86, 79, 0.00),
(87, 80, 0.00),
(88, 81, 0.00),
(89, 82, 0.00),
(90, 83, 0.00),
(91, 84, 0.00),
(92, 85, 0.00),
(93, 86, 0.00),
(94, 87, 0.00),
(95, 88, 100.00),
(96, 89, 0.00),
(97, 90, 0.00),
(98, 91, 0.00),
(99, 92, 0.00),
(100, 93, 0.00),
(101, 94, 0.00),
(102, 95, 0.00),
(103, 96, 0.00),
(104, 97, 0.00),
(105, 98, 0.00),
(106, 99, 0.00),
(107, 100, 0.00),
(108, 101, 0.00),
(109, 102, 0.00),
(110, 103, 0.00),
(111, 104, 0.00),
(112, 105, 0.00),
(113, 106, 0.00),
(114, 107, 0.00),
(115, 108, 0.00),
(116, 109, 0.00),
(117, 110, 0.00),
(118, 111, 0.00),
(119, 112, 0.00),
(120, 113, 0.00),
(121, 114, 0.00),
(122, 115, 0.00),
(123, 116, 0.00),
(124, 117, 0.00),
(125, 118, 0.00),
(126, 119, 0.00),
(127, 120, 0.00),
(128, 121, 0.00),
(129, 122, 0.00),
(130, 123, 0.00),
(131, 124, 0.00),
(132, 125, 0.00),
(133, 126, 0.00),
(134, 127, 0.00),
(135, 128, 0.00),
(136, 129, 0.00),
(137, 130, 0.00),
(138, 131, 0.00),
(139, 132, 0.00),
(140, 133, 0.00),
(141, 134, 0.00),
(142, 135, 0.00),
(143, 136, 0.00),
(144, 137, 0.00),
(145, 138, 0.00),
(146, 139, 0.00),
(147, 140, 0.00),
(148, 141, 0.00),
(149, 142, 0.00),
(150, 143, 0.00),
(151, 144, 0.00),
(152, 145, 0.00),
(153, 146, 0.00),
(154, 147, 0.00),
(155, 148, 0.00),
(156, 149, 0.00),
(157, 150, 0.00),
(158, 151, 0.00),
(159, 152, 0.00),
(160, 153, 0.00),
(161, 154, 0.00),
(162, 155, 0.00),
(163, 156, 0.00),
(164, 157, 0.00),
(165, 158, 0.00),
(166, 159, 0.00),
(168, 160, 0.00),
(169, 161, 0.00),
(170, 162, 0.00),
(171, 163, 0.00),
(172, 164, 0.00),
(173, 165, 0.00),
(174, 166, 0.00),
(175, 167, 0.00),
(176, 168, 0.00),
(177, 169, 0.00),
(178, 170, 0.00),
(179, 171, 0.00),
(180, 172, 0.00),
(181, 173, 0.00),
(182, 174, 0.00),
(183, 175, 0.00),
(184, 176, 0.00),
(185, 177, 0.00),
(186, 178, 0.00),
(187, 179, 0.00),
(188, 180, 0.00),
(189, 181, 0.00),
(190, 182, 0.00),
(191, 183, 0.00),
(192, 184, 0.00),
(193, 185, 0.00),
(194, 186, 0.00),
(195, 187, 0.00),
(196, 188, 0.00),
(197, 189, 0.00),
(198, 190, 0.00),
(199, 191, 0.00),
(200, 192, 0.00),
(201, 193, 0.00),
(202, 194, 0.00),
(203, 195, 0.00),
(204, 196, 0.00),
(205, 197, 0.00),
(206, 198, 0.00),
(207, 199, 0.00),
(208, 200, 0.00),
(209, 201, 0.00),
(210, 202, 0.00),
(211, 203, 0.00),
(212, 204, 0.00),
(213, 205, 0.00),
(214, 206, 0.00),
(215, 207, 0.00),
(216, 208, 0.00),
(217, 209, 0.00),
(218, 210, 0.00),
(219, 211, 0.00),
(220, 212, 0.00),
(221, 213, 0.00),
(222, 214, 0.00),
(223, 215, 0.00),
(224, 216, 0.00),
(225, 217, 0.00),
(226, 218, 0.00),
(227, 219, 0.00),
(228, 220, 0.00),
(229, 221, 0.00),
(230, 222, 0.00),
(231, 223, 0.00),
(232, 224, 0.00),
(233, 225, 0.00),
(234, 226, 0.00),
(235, 227, 0.00),
(236, 228, 0.00),
(237, 229, 0.00),
(238, 230, 0.00),
(239, 231, 0.00),
(240, 232, 0.00),
(241, 233, 0.00),
(242, 234, 0.00),
(243, 235, 0.00),
(244, 236, 0.00),
(245, 237, 0.00),
(246, 238, 0.00),
(247, 239, 0.00),
(248, 240, 0.00),
(249, 241, 0.00),
(250, 242, 0.00),
(251, 243, 0.00),
(252, 244, 0.00),
(253, 245, 0.00),
(254, 246, 0.00),
(255, 247, 0.00),
(256, 248, 0.00),
(257, 249, 0.00),
(258, 250, 0.00),
(260, 251, 0.00),
(261, 252, 0.00),
(262, 253, 0.00),
(263, 254, 0.00),
(264, 255, 0.00),
(265, 256, 0.00),
(266, 257, 0.00),
(267, 258, 0.00),
(268, 259, 0.00),
(269, 260, 0.00),
(270, 261, 0.00),
(271, 262, 0.00),
(272, 263, 0.00),
(273, 264, 0.00),
(274, 265, 0.00),
(275, 266, 0.00),
(276, 267, 0.00),
(277, 268, 0.00),
(278, 269, 0.00),
(279, 270, 0.00),
(280, 271, 0.00),
(281, 272, 0.00),
(282, 273, 0.00),
(283, 274, 0.00),
(284, 275, 0.00),
(285, 276, 0.00),
(286, 277, 0.00),
(287, 278, 0.00),
(288, 279, 0.00),
(289, 280, 0.00),
(290, 281, 0.00),
(291, 282, 0.00),
(292, 283, 0.00),
(293, 284, 0.00),
(294, 285, 0.00),
(295, 286, 0.00),
(296, 287, 0.00),
(297, 288, 0.00),
(298, 289, 0.00),
(299, 290, 0.00),
(300, 291, 0.00),
(301, 292, 0.00),
(302, 293, 0.00),
(303, 294, 0.00),
(304, 295, 0.00),
(305, 296, 0.00),
(306, 297, 0.00),
(331, 322, 0.00),
(332, 323, 0.00),
(333, 324, 0.00),
(336, 325, 0.00),
(337, 326, 0.00),
(338, 327, 0.00),
(339, 328, 0.00),
(341, 329, 0.00),
(342, 330, 0.00),
(343, 331, 0.00),
(344, 332, 0.00),
(345, 333, 0.00),
(346, 334, 0.00),
(347, 335, 0.00),
(348, 336, 0.00),
(349, 337, 301.00),
(350, 338, 0.00),
(351, 339, 0.00),
(352, 340, 0.00),
(353, 341, 0.00),
(354, 342, 0.00),
(356, 344, 0.00),
(358, 346, 0.00),
(359, 347, 0.00),
(360, 348, 0.00),
(361, 349, 0.00),
(362, 350, 0.00),
(363, 351, 0.00),
(364, 352, 0.00),
(365, 353, 0.00),
(366, 354, 0.00),
(367, 355, 0.00),
(368, 356, 0.00),
(369, 357, 0.00),
(370, 358, 0.00),
(371, 359, 0.00),
(372, 360, 0.00),
(373, 361, 0.00),
(374, 362, 0.00),
(375, 363, 0.00),
(376, 364, 40.00),
(378, 366, 0.00),
(379, 367, 0.00),
(380, 368, 0.00),
(381, 369, 0.00),
(382, 370, 0.00),
(383, 371, 0.00),
(384, 372, 0.00),
(385, 373, 0.00),
(386, 374, 50.00),
(387, 375, 0.00),
(388, 376, 0.00),
(389, 377, 50.00),
(390, 378, 50.00),
(391, 379, 50.00),
(392, 380, 90.00),
(393, 381, 0.00),
(394, 387, 0.00),
(395, 388, 0.00),
(396, 389, 0.00),
(397, 390, 0.00),
(398, 391, 0.00),
(399, 392, 0.00),
(400, 393, 0.00),
(401, 394, 0.00),
(402, 395, 0.00),
(403, 396, 0.00),
(404, 397, 0.00),
(405, 398, 0.00),
(406, 399, 0.00),
(407, 400, 0.00),
(408, 401, 1000.00),
(409, 402, 0.00),
(410, 403, 0.00),
(411, 404, 80.00),
(412, 405, 0.00),
(413, 406, 0.00),
(414, 407, 0.00),
(415, 408, 0.00),
(416, 409, 0.00),
(417, 410, 400.00),
(418, 411, 0.00),
(419, 412, 0.00),
(420, 413, 0.00),
(421, 414, 0.00),
(422, 415, 179.99),
(424, 416, 0.00),
(425, 417, 374.00),
(426, 418, 154.00),
(427, 419, 154.00),
(428, 420, 154.00),
(429, 421, 0.00),
(430, 422, 0.00),
(431, 423, 130.00),
(432, 424, 0.00),
(433, 425, 50.00),
(434, 426, 0.00),
(435, 427, 0.00),
(437, 429, 0.00),
(438, 430, 50.00),
(439, 431, 0.00),
(440, 432, 249.99),
(441, 433, 0.00),
(442, 434, 0.00),
(443, 435, 0.00),
(444, 436, 0.00),
(445, 437, 0.00),
(446, 438, 0.00),
(447, 439, 0.00),
(448, 440, 0.00),
(449, 441, 0.00),
(450, 442, 0.00),
(451, 443, 0.00),
(452, 444, 220.00),
(453, 445, 220.00),
(455, 447, 380.00),
(456, 448, 220.00),
(458, 449, 0.00),
(459, 450, 0.00),
(461, 452, 0.00),
(462, 453, 0.00),
(463, 454, 0.00),
(464, 455, 0.00),
(465, 456, 0.00),
(466, 457, 6000.00),
(467, 458, 0.00),
(468, 459, 0.00),
(469, 460, 0.00),
(470, 461, 0.00),
(471, 462, 0.00),
(472, 463, 0.00),
(473, 464, 0.00),
(475, 466, 0.00),
(476, 467, 0.00),
(477, 468, 0.00),
(478, 469, 0.00),
(479, 470, 220.00),
(480, 471, 220.00),
(482, 473, 370.00),
(483, 474, 220.00),
(484, 475, 220.00),
(485, 476, 0.00),
(486, 477, 0.00),
(487, 478, 0.00),
(488, 479, 0.00),
(489, 480, 0.00),
(490, 481, 0.00),
(491, 482, 0.00),
(492, 483, 50.00),
(493, 484, 0.00),
(494, 485, 900.00),
(495, 486, 166.67),
(496, 487, 0.00),
(497, 488, 0.00),
(498, 489, 0.00),
(499, 490, 0.00),
(501, 492, 0.00),
(502, 493, 600.00),
(503, 494, 0.00),
(504, 495, 0.00),
(505, 496, 149.00),
(506, 497, 149.00),
(507, 498, 470.00),
(508, 499, 149.00),
(509, 500, 149.00),
(510, 501, 270.00),
(511, 502, 50.00),
(512, 503, 50.00),
(513, 504, 300.00),
(514, 505, 0.00),
(515, 506, 0.00),
(516, 507, 600.00),
(517, 508, 50.00),
(518, 509, 0.00),
(519, 510, 87.50),
(520, 511, 450.00),
(521, 512, 600.00),
(522, 513, 0.00),
(523, 514, 3500.00),
(524, 515, 0.00),
(525, 516, 500.00),
(526, 517, 0.00),
(527, 518, 0.00),
(528, 519, 50.00),
(529, 520, 0.00),
(530, 521, 0.00),
(531, 522, 188.00),
(532, 523, 0.00),
(533, 524, 20.00),
(534, 525, 0.00),
(535, 526, 220.00),
(536, 527, 0.00),
(537, 528, 170.00),
(538, 529, 170.00),
(539, 530, 170.00),
(540, 531, 170.00),
(541, 532, 200.00),
(542, 533, 250.00),
(543, 534, 0.00),
(544, 535, 0.00),
(545, 536, 0.00),
(546, 537, 0.00),
(547, 538, 0.00),
(548, 539, 0.00),
(549, 540, 0.00),
(550, 541, 250.00),
(551, 542, 220.00),
(552, 543, 800.00),
(553, 544, 0.00),
(554, 545, 0.00),
(555, 546, 0.00),
(556, 547, 90.00),
(557, 548, 0.00),
(558, 549, 500.00),
(559, 550, 220.00),
(560, 551, 220.00),
(561, 552, 220.00),
(562, 553, 220.00),
(563, 554, 0.00),
(564, 555, 0.00),
(566, 557, 0.00),
(567, 558, 0.00),
(568, 559, 0.00),
(570, 561, 0.00),
(571, 562, 160.00),
(572, 563, 0.00),
(573, 564, 4000.00),
(574, 565, 0.00),
(575, 566, 0.00),
(576, 567, 0.00),
(577, 568, 50.00),
(578, 569, 0.00),
(579, 570, 0.00),
(580, 571, 800.00),
(581, 572, 250.00),
(582, 573, 0.00),
(583, 574, 0.00),
(584, 575, 0.00),
(585, 576, 30.00),
(586, 577, 220.00),
(587, 578, 0.00),
(588, 579, 220.00),
(589, 580, 0.00),
(590, 581, 220.00),
(591, 582, 220.00),
(592, 583, 0.00),
(593, 584, 0.00),
(594, 585, 0.00),
(595, 586, 360.00),
(596, 587, 250.00),
(597, 588, 0.00),
(598, 589, 0.00),
(599, 590, 0.00),
(600, 591, 0.00),
(601, 592, 0.00),
(602, 593, 39.00),
(603, 594, 0.00),
(604, 595, 0.00),
(605, 596, 0.00),
(606, 597, 0.00),
(607, 598, 0.00),
(608, 599, 0.00),
(609, 600, 0.00),
(610, 601, 40.00),
(611, 602, 0.00),
(612, 603, 220.00),
(616, 606, 0.00),
(617, 607, 0.00),
(618, 608, 0.00),
(619, 609, 240.00),
(620, 610, 0.00),
(621, 611, 0.00),
(622, 612, 0.00),
(623, 613, 0.00),
(624, 614, 0.00),
(626, 616, 0.00),
(627, 617, 0.00),
(628, 618, 0.00),
(629, 619, 0.00);

-- --------------------------------------------------------

--
-- Structure de la table `Users`
--

CREATE TABLE IF NOT EXISTS `Users` (
  `id` int(255) NOT NULL,
  `username` varchar(255) NOT NULL,
  `password` varchar(255) NOT NULL,
  `email` varchar(255) NOT NULL,
  `nom` varchar(255) NOT NULL,
  `prenom` varchar(255) NOT NULL,
  `password_reset` varchar(255) NOT NULL DEFAULT '0',
  `googleauthenticator` varchar(255) DEFAULT NULL,
  `security_levels` text NOT NULL
) ENGINE=InnoDB AUTO_INCREMENT=8 DEFAULT CHARSET=utf8;

--
-- Contenu de la table `Users`
--

INSERT INTO `Users` (`id`, `username`, `password`, `email`, `nom`, `prenom`, `password_reset`, `googleauthenticator`, `security_levels`) VALUES
(1, 'tolga', 'wclowiei212dfey4wj9fyhiufzmobha8uvwqdb8gdbus8e02e56d6928758b291074f9ddacbeb0ptxmc61ank43jrsv8233y0tcb2spemi3gfqs', 'clubdedub@gmail.com', 'malkoc', 'tolga', '0', 'DVB62XJUCX2LACQI', 'a:1:{s:15:"security_levels";a:7:{s:5:"stats";i:1;s:24:"home_factures_en_attente";i:1;s:8:"factures";i:1;s:5:"devis";i:1;s:12:"hebergements";i:1;s:7:"clients";i:1;s:18:"gestion_des_marges";i:1;}}'),
(2, 'cecile', 'g5g67b38dq778b8n0dhwf86sdd2eonr5s7bzif8w6f3e38ca489ec6d0de6696741705cf46c7aeqb2rpjo5sux570kwnb1fidf1tnyz21esdgj2', 'cecilecarvin.f@gmail.com', 'Carvin', 'Cécile', '0', 'KYLWMBRLJYC5ZKST', 'a:1:{s:15:"security_levels";a:7:{s:5:"stats";i:1;s:24:"home_factures_en_attente";i:1;s:8:"factures";i:1;s:5:"devis";i:1;s:12:"hebergements";i:1;s:7:"clients";i:1;s:18:"gestion_des_marges";i:1;}}'),
(3, 'caroline', 'jiuicdpj6dx4oaq3sk5j2hg6clk2s1rcjlvwzkf6xcam0d37d2ba714bb7f8f3706cc8ea3fd797n1pfluyncfup1ertgi6z41v4lbajol5bmvq7', 'carogiordano30@gmail.com', 'Giordano', 'Caroline', '0', 'W45QDMQOHYICHUHD', 'a:1:{s:15:"security_levels";a:7:{s:5:"stats";i:1;s:24:"home_factures_en_attente";i:1;s:8:"factures";i:1;s:5:"devis";i:1;s:12:"hebergements";i:1;s:7:"clients";i:1;s:18:"gestion_des_marges";i:1;}}'),
(4, 'damien', '0', 'none@none.com', 'Cano', 'Damien', '0', 'IWSSMKPRERWB6GHB', 'a:1:{s:15:"security_levels";a:7:{s:5:"stats";i:0;s:24:"home_factures_en_attente";i:0;s:8:"factures";i:0;s:5:"devis";i:0;s:12:"hebergements";i:0;s:7:"clients";i:0;s:18:"gestion_des_marges";i:0;}}'),
(5, 'antoine', 'r3zrtu41ctyq8uznzuqvighiabvnssjjvjaodepp7ogf921000740c98045bf1b20bea620ce642jf3iatesavbk7670yrjuaujn89dgxuwga0yk', 'antoine.beaudesson@gmail.com', 'Beaudesson', 'Antoine', '0', 'ZBMA2UR7VGM64EJT', 'a:1:{s:15:"security_levels";a:7:{s:5:"stats";i:0;s:24:"home_factures_en_attente";i:0;s:8:"factures";i:1;s:5:"devis";i:1;s:12:"hebergements";i:1;s:7:"clients";i:1;s:18:"gestion_des_marges";i:0;}}'),
(6, 'maud', '25k3dochde5ga394kdf0vy3un840absdgdgu1sbf7hvhb4f58dd88122f8869a44c834eb24d98ck5l5j15ez98nhdnsog55tlzvebals53dbpiu', 'maudvalora@gmail.com', 'Valora', 'Maud', '0', 'S3QGYVB5FXKSBXHP', 'a:1:{s:15:"security_levels";a:7:{s:5:"stats";i:0;s:24:"home_factures_en_attente";i:0;s:8:"factures";i:0;s:5:"devis";i:0;s:12:"hebergements";i:0;s:7:"clients";i:0;s:18:"gestion_des_marges";i:0;}}'),
(7, 'hugo', 'ng7lle9v12xsijlymf83ka50qfu4uzqifx31ccweft6y46f0017c79f68071a8dd5b419236acccdrw0753sf8s6omajl111z42chzqwtxu6or6w', 'hsportich91@gmail.com', 'Hugo', 'Sportich', '0', 'DZKUJYV2LGFE4TRR', 'a:1:{s:15:"security_levels";a:7:{s:5:"stats";i:1;s:24:"home_factures_en_attente";i:1;s:8:"factures";i:1;s:5:"devis";i:1;s:12:"hebergements";i:1;s:7:"clients";i:1;s:18:"gestion_des_marges";i:1;}}');

--
-- Index pour les tables exportées
--

--
-- Index pour la table `Clients`
--
ALTER TABLE `Clients`
  ADD PRIMARY KEY (`id`),
  ADD UNIQUE KEY `nom_societe` (`nom_societe`),
  ADD UNIQUE KEY `tva` (`tva`),
  ADD UNIQUE KEY `siret` (`siret`),
  ADD FULLTEXT KEY `nom_societe_2` (`nom_societe`);

--
-- Index pour la table `Clients_hebergements`
--
ALTER TABLE `Clients_hebergements`
  ADD PRIMARY KEY (`id`),
  ADD UNIQUE KEY `id_client` (`id_client`);

--
-- Index pour la table `Devis`
--
ALTER TABLE `Devis`
  ADD PRIMARY KEY (`id`);

--
-- Index pour la table `Devis_designations`
--
ALTER TABLE `Devis_designations`
  ADD PRIMARY KEY (`id`);

--
-- Index pour la table `Factures`
--
ALTER TABLE `Factures`
  ADD PRIMARY KEY (`id`);

--
-- Index pour la table `Factures_designations`
--
ALTER TABLE `Factures_designations`
  ADD PRIMARY KEY (`id`);

--
-- Index pour la table `Marges_Config`
--
ALTER TABLE `Marges_Config`
  ADD PRIMARY KEY (`id`),
  ADD UNIQUE KEY `nom` (`nom`);

--
-- Index pour la table `Marges_DB`
--
ALTER TABLE `Marges_DB`
  ADD PRIMARY KEY (`id`);

--
-- Index pour la table `Marges_externalisation`
--
ALTER TABLE `Marges_externalisation`
  ADD PRIMARY KEY (`id`),
  ADD UNIQUE KEY `id_facture` (`id_facture`);

--
-- Index pour la table `Users`
--
ALTER TABLE `Users`
  ADD PRIMARY KEY (`id`),
  ADD UNIQUE KEY `email` (`email`);

--
-- AUTO_INCREMENT pour les tables exportées
--

--
-- AUTO_INCREMENT pour la table `Clients`
--
ALTER TABLE `Clients`
  MODIFY `id` int(255) NOT NULL AUTO_INCREMENT,AUTO_INCREMENT=105;
--
-- AUTO_INCREMENT pour la table `Clients_hebergements`
--
ALTER TABLE `Clients_hebergements`
  MODIFY `id` int(11) NOT NULL AUTO_INCREMENT,AUTO_INCREMENT=340;
--
-- AUTO_INCREMENT pour la table `Devis`
--
ALTER TABLE `Devis`
  MODIFY `id` int(255) NOT NULL AUTO_INCREMENT,AUTO_INCREMENT=17;
--
-- AUTO_INCREMENT pour la table `Devis_designations`
--
ALTER TABLE `Devis_designations`
  MODIFY `id` int(255) NOT NULL AUTO_INCREMENT,AUTO_INCREMENT=126;
--
-- AUTO_INCREMENT pour la table `Factures`
--
ALTER TABLE `Factures`
  MODIFY `id` int(255) NOT NULL AUTO_INCREMENT,AUTO_INCREMENT=620;
--
-- AUTO_INCREMENT pour la table `Factures_designations`
--
ALTER TABLE `Factures_designations`
  MODIFY `id` int(255) NOT NULL AUTO_INCREMENT,AUTO_INCREMENT=1620;
--
-- AUTO_INCREMENT pour la table `Marges_Config`
--
ALTER TABLE `Marges_Config`
  MODIFY `id` int(11) NOT NULL AUTO_INCREMENT COMMENT '(0 = Frais Internes)',AUTO_INCREMENT=8;
--
-- AUTO_INCREMENT pour la table `Marges_DB`
--
ALTER TABLE `Marges_DB`
  MODIFY `id` int(11) NOT NULL AUTO_INCREMENT,AUTO_INCREMENT=1406;
--
-- AUTO_INCREMENT pour la table `Marges_externalisation`
--
ALTER TABLE `Marges_externalisation`
  MODIFY `id` int(255) NOT NULL AUTO_INCREMENT,AUTO_INCREMENT=630;
--
-- AUTO_INCREMENT pour la table `Users`
--
ALTER TABLE `Users`
  MODIFY `id` int(255) NOT NULL AUTO_INCREMENT,AUTO_INCREMENT=8;
/*!40101 SET CHARACTER_SET_CLIENT=@OLD_CHARACTER_SET_CLIENT */;
/*!40101 SET CHARACTER_SET_RESULTS=@OLD_CHARACTER_SET_RESULTS */;
/*!40101 SET COLLATION_CONNECTION=@OLD_COLLATION_CONNECTION */;
